"tenure_months","monthly_usage","avg_monthly_bill","contract_type","customer_segment","engagement_score","churn_probability","churn_risk_bucket"
9,32,1529,"Quarterly","Value Seekers",20,0.999523600207238,"High Risk"
56,48,1223,"Monthly","Premium",31,0.995502425410788,"High Risk"
18,32,1086,"Quarterly","Price Sensitive",22,0.995282119955108,"High Risk"
25,76,969,"Monthly","Price Sensitive",24,0.992359555297726,"High Risk"
9,5,1680,"Monthly","Price Sensitive",22,0.991935871114021,"High Risk"
22,28,1238,"Monthly","Price Sensitive",20,0.980960656513514,"High Risk"
23,57,1297,"Quarterly","Value Seekers",37,0.964911094085372,"High Risk"
35,54,1156,"Monthly","Value Seekers",48,0.961625022789854,"High Risk"
20,35,1318,"Monthly","Premium",28,0.960536973182816,"High Risk"
45,13,961,"Monthly","Price Sensitive",36,0.95743678671478,"High Risk"
16,66,908,"Monthly","Price Sensitive",32,0.954911632242555,"High Risk"
5,49,1464,"Quarterly","Price Sensitive",23,0.950187749465805,"High Risk"
34,46,514,"Monthly","Premium",64,0.949874812869129,"High Risk"
11,50,960,"Monthly","Value Seekers",25,0.940507571116218,"High Risk"
21,49,323,"Monthly","Price Sensitive",36,0.939953038154633,"High Risk"
25,59,1074,"Monthly","Price Sensitive",37,0.932766485654851,"High Risk"
9,98,915,"Quarterly","Price Sensitive",22,0.93260046815325,"High Risk"
10,53,798,"Monthly","Value Seekers",39,0.930456118658342,"High Risk"
18,57,1294,"Monthly","Price Sensitive",45,0.927856197617625,"High Risk"
5,57,976,"Monthly","Value Seekers",24,0.925531822532815,"High Risk"
18,43,1031,"Monthly","Price Sensitive",30,0.912175597685842,"High Risk"
58,63,1386,"Quarterly","Value Seekers",35,0.911474341967663,"High Risk"
10,104,300,"Monthly","Price Sensitive",54,0.909443577016419,"High Risk"
15,66,1254,"Monthly","Price Sensitive",30,0.907501815258097,"High Risk"
2,41,1779,"Monthly","Value Seekers",51,0.902208153193017,"High Risk"
8,47,1625,"Monthly","Value Seekers",40,0.88374288708407,"High Risk"
38,76,1066,"Monthly","Value Seekers",32,0.860370087288001,"High Risk"
19,80,517,"Annual","Price Sensitive",47,0.858456581330288,"High Risk"
12,5,1147,"Quarterly","Value Seekers",27,0.851311760157036,"High Risk"
36,25,989,"Monthly","Value Seekers",29,0.849545979172944,"High Risk"
24,39,1191,"Monthly","Price Sensitive",40,0.846613571812303,"High Risk"
18,58,517,"Monthly","Price Sensitive",69,0.844936756687901,"High Risk"
5,58,762,"Monthly","Value Seekers",43,0.83134023567037,"High Risk"
9,22,408,"Quarterly","Price Sensitive",50,0.829137236857564,"High Risk"
38,33,949,"Quarterly","Value Seekers",41,0.818264057790161,"High Risk"
20,43,1357,"Monthly","Price Sensitive",45,0.812526138902429,"High Risk"
21,26,747,"Monthly","Value Seekers",43,0.801500170080503,"High Risk"
62,43,615,"Monthly","Value Seekers",38,0.798688595551937,"High Risk"
24,80,623,"Quarterly","Premium",51,0.782427586328382,"High Risk"
22,17,1032,"Quarterly","Value Seekers",36,0.780280376034744,"High Risk"
19,45,1839,"Monthly","Price Sensitive",23,0.763995504029917,"High Risk"
25,54,791,"Monthly","Value Seekers",54,0.751659876996621,"High Risk"
4,94,811,"Monthly","Price Sensitive",54,0.74791998174354,"High Risk"
14,47,717,"Monthly","Value Seekers",50,0.73993861455236,"High Risk"
26,30,1252,"Monthly","Price Sensitive",47,0.726820370238538,"High Risk"
31,55,438,"Monthly","Value Seekers",51,0.724143973513866,"High Risk"
9,22,873,"Annual","Price Sensitive",61,0.715693758043578,"High Risk"
14,73,1088,"Quarterly","Value Seekers",46,0.712255880767865,"High Risk"
12,58,1214,"Monthly","Price Sensitive",49,0.677696002340431,"Medium Risk"
5,59,947,"Quarterly","Premium",24,0.673546347218244,"Medium Risk"
23,35,936,"Monthly","Value Seekers",40,0.662411836167662,"Medium Risk"
13,48,858,"Quarterly","Value Seekers",32,0.655223601844814,"Medium Risk"
16,13,727,"Monthly","Price Sensitive",55,0.62251392578356,"Medium Risk"
39,28,796,"Quarterly","Premium",52,0.608211855038286,"Medium Risk"
20,58,572,"Monthly","Price Sensitive",60,0.606946635691778,"Medium Risk"
14,37,906,"Monthly","Value Seekers",40,0.602990557680387,"Medium Risk"
39,58,1268,"Monthly","Price Sensitive",42,0.593701018116598,"Medium Risk"
25,20,1030,"Monthly","Price Sensitive",57,0.593435775097535,"Medium Risk"
18,28,958,"Monthly","Premium",57,0.575114894712316,"Medium Risk"
31,41,1391,"Monthly","Value Seekers",43,0.574603933953998,"Medium Risk"
34,11,366,"Monthly","Value Seekers",52,0.572128420352914,"Medium Risk"
40,73,1004,"Monthly","Value Seekers",62,0.568811447009311,"Medium Risk"
5,56,1386,"Monthly","Value Seekers",41,0.565980685823585,"Medium Risk"
6,76,1117,"Monthly","Price Sensitive",55,0.560230698296115,"Medium Risk"
4,66,855,"Quarterly","Price Sensitive",35,0.560101177044591,"Medium Risk"
22,57,1262,"Annual","Value Seekers",40,0.553196337886836,"Medium Risk"
43,38,868,"Quarterly","Price Sensitive",42,0.547002131816457,"Medium Risk"
33,104,1031,"Quarterly","Value Seekers",37,0.543330920591683,"Medium Risk"
72,22,1758,"Annual","Value Seekers",20,0.535094636413695,"Medium Risk"
14,49,453,"Quarterly","Value Seekers",58,0.529705375450223,"Medium Risk"
7,53,1516,"Quarterly","Price Sensitive",27,0.527965572613379,"Medium Risk"
12,113,687,"Monthly","Premium",66,0.524871239038272,"Medium Risk"
14,52,825,"Quarterly","Value Seekers",43,0.52460616201852,"Medium Risk"
29,34,875,"Annual","Value Seekers",46,0.519190160931785,"Medium Risk"
6,36,1028,"Quarterly","Value Seekers",60,0.509183121428138,"Medium Risk"
36,63,795,"Monthly","Price Sensitive",51,0.509038600395433,"Medium Risk"
14,56,1045,"Quarterly","Price Sensitive",37,0.50374791912639,"Medium Risk"
29,33,908,"Quarterly","Price Sensitive",40,0.487954943057205,"Medium Risk"
15,38,847,"Monthly","Price Sensitive",35,0.486043950318403,"Medium Risk"
19,52,1549,"Monthly","Price Sensitive",36,0.484460132395409,"Medium Risk"
19,64,1172,"Quarterly","Value Seekers",38,0.48141221078248,"Medium Risk"
9,61,1415,"Monthly","Price Sensitive",45,0.474506742007731,"Medium Risk"
2,36,1168,"Monthly","Premium",47,0.471823740315657,"Medium Risk"
1,17,1139,"Annual","Price Sensitive",48,0.469063574328535,"Medium Risk"
72,29,597,"Monthly","Value Seekers",60,0.454822864829256,"Medium Risk"
21,49,1368,"Monthly","Price Sensitive",39,0.453627326322597,"Medium Risk"
15,69,1095,"Quarterly","Value Seekers",43,0.447226039139289,"Medium Risk"
8,46,830,"Quarterly","Value Seekers",45,0.446723304900866,"Medium Risk"
16,55,988,"Monthly","Premium",54,0.445927013254525,"Medium Risk"
22,73,1240,"Monthly","Value Seekers",52,0.444495460348005,"Medium Risk"
10,39,300,"Monthly","Price Sensitive",53,0.442254894309225,"Medium Risk"
17,68,1370,"Monthly","Price Sensitive",60,0.429488147568237,"Medium Risk"
45,57,1470,"Monthly","Premium",52,0.425693926481894,"Medium Risk"
14,29,1024,"Monthly","Premium",59,0.423547714352644,"Medium Risk"
9,28,1095,"Monthly","Price Sensitive",50,0.423338395983614,"Medium Risk"
7,53,1624,"Monthly","Premium",52,0.421055823727308,"Medium Risk"
9,51,874,"Monthly","Premium",60,0.416972734112431,"Medium Risk"
36,36,363,"Quarterly","Price Sensitive",52,0.415493141708702,"Medium Risk"
40,40,1300,"Quarterly","Price Sensitive",62,0.389028436282108,"Low Risk"
21,33,1106,"Monthly","Value Seekers",47,0.387223683005607,"Low Risk"
12,46,1592,"Quarterly","Premium",49,0.386816765821553,"Low Risk"
7,27,970,"Monthly","Premium",49,0.385384331607038,"Low Risk"
44,46,1214,"Quarterly","Price Sensitive",60,0.385019095163918,"Low Risk"
24,89,708,"Monthly","Price Sensitive",51,0.384660751704699,"Low Risk"
21,72,2181,"Quarterly","Price Sensitive",45,0.382681319629486,"Low Risk"
48,54,300,"Monthly","Price Sensitive",50,0.380785968126405,"Low Risk"
35,80,1335,"Monthly","Premium",52,0.377065890021271,"Low Risk"
27,62,1600,"Quarterly","Price Sensitive",49,0.369575247673552,"Low Risk"
36,48,815,"Monthly","Price Sensitive",49,0.362125778933712,"Low Risk"
24,89,303,"Quarterly","Price Sensitive",66,0.361360384980827,"Low Risk"
16,38,1655,"Monthly","Price Sensitive",40,0.357662662232429,"Low Risk"
40,107,1109,"Monthly","Price Sensitive",50,0.356751419427168,"Low Risk"
2,73,1355,"Quarterly","Price Sensitive",48,0.355627536408196,"Low Risk"
11,102,1324,"Quarterly","Price Sensitive",47,0.351898355739896,"Low Risk"
12,32,1086,"Annual","Value Seekers",37,0.350666670796207,"Low Risk"
30,23,1033,"Monthly","Value Seekers",45,0.343553080622754,"Low Risk"
9,41,1347,"Monthly","Premium",49,0.340897516688429,"Low Risk"
20,37,846,"Quarterly","Price Sensitive",31,0.338836015656493,"Low Risk"
12,77,1343,"Monthly","Price Sensitive",50,0.336785846342654,"Low Risk"
21,16,1350,"Monthly","Value Seekers",52,0.331690753357601,"Low Risk"
28,73,957,"Monthly","Premium",66,0.33046553530998,"Low Risk"
35,33,300,"Quarterly","Value Seekers",47,0.330384777480162,"Low Risk"
6,55,1152,"Monthly","Price Sensitive",59,0.322567045893535,"Low Risk"
9,39,339,"Quarterly","Value Seekers",52,0.322156342598167,"Low Risk"
21,35,1595,"Monthly","Price Sensitive",46,0.322114164333133,"Low Risk"
63,57,534,"Quarterly","Premium",52,0.320663998241341,"Low Risk"
23,91,1005,"Quarterly","Price Sensitive",60,0.317266479776893,"Low Risk"
19,43,1519,"Monthly","Price Sensitive",62,0.306233497684149,"Low Risk"
26,8,820,"Monthly","Price Sensitive",53,0.303770258768292,"Low Risk"
2,31,1548,"Monthly","Price Sensitive",51,0.293301182910324,"Low Risk"
22,67,1078,"Quarterly","Premium",50,0.292150718804324,"Low Risk"
28,84,412,"Monthly","Price Sensitive",65,0.288308798469206,"Low Risk"
17,45,873,"Annual","Value Seekers",44,0.282648866573224,"Low Risk"
16,65,2172,"Monthly","Premium",43,0.281220041738085,"Low Risk"
13,18,1383,"Monthly","Value Seekers",51,0.28021294907442,"Low Risk"
6,92,376,"Quarterly","Value Seekers",39,0.275008493551816,"Low Risk"
19,62,1347,"Monthly","Value Seekers",33,0.274856107242677,"Low Risk"
23,33,1180,"Monthly","Price Sensitive",53,0.272169559296417,"Low Risk"
21,45,1375,"Quarterly","Value Seekers",31,0.271912698615496,"Low Risk"
18,61,705,"Monthly","Premium",72,0.269683870665179,"Low Risk"
20,86,663,"Monthly","Price Sensitive",62,0.264255729478635,"Low Risk"
5,70,936,"Monthly","Value Seekers",58,0.264141890478287,"Low Risk"
34,61,1405,"Monthly","Value Seekers",50,0.262317432565559,"Low Risk"
6,73,1042,"Monthly","Price Sensitive",63,0.259703921466487,"Low Risk"
10,36,913,"Annual","Value Seekers",67,0.259501038505283,"Low Risk"
4,98,1436,"Monthly","Price Sensitive",58,0.256286665112665,"Low Risk"
8,46,1790,"Monthly","Price Sensitive",46,0.251905552007179,"Low Risk"
9,29,1059,"Monthly","Value Seekers",41,0.251627598147639,"Low Risk"
34,41,2018,"Quarterly","Value Seekers",40,0.250153676415174,"Low Risk"
31,21,1277,"Monthly","Price Sensitive",37,0.249814792795425,"Low Risk"
9,81,539,"Quarterly","Price Sensitive",56,0.24768329052485,"Low Risk"
14,86,380,"Annual","Premium",53,0.242225550120812,"Low Risk"
12,51,828,"Quarterly","Price Sensitive",65,0.238210191766355,"Low Risk"
52,69,1714,"Monthly","Price Sensitive",49,0.236838269279761,"Low Risk"
18,81,1430,"Monthly","Value Seekers",51,0.236537274796787,"Low Risk"
7,80,981,"Quarterly","Price Sensitive",47,0.22986233952834,"Low Risk"
50,70,1613,"Monthly","Value Seekers",62,0.226120956047844,"Low Risk"
27,53,1641,"Monthly","Price Sensitive",68,0.2222100049351,"Low Risk"
28,48,808,"Monthly","Value Seekers",79,0.21598035693087,"Low Risk"
50,88,776,"Quarterly","Value Seekers",55,0.215668747159961,"Low Risk"
14,65,827,"Quarterly","Price Sensitive",28,0.212012294402085,"Low Risk"
25,28,1496,"Monthly","Price Sensitive",51,0.211463215271856,"Low Risk"
29,108,312,"Monthly","Price Sensitive",52,0.205579068968713,"Low Risk"
17,68,1748,"Monthly","Value Seekers",48,0.204555656691296,"Low Risk"
14,47,1226,"Monthly","Value Seekers",44,0.202435942979287,"Low Risk"
27,42,799,"Monthly","Premium",71,0.201892684026768,"Low Risk"
20,79,1248,"Monthly","Value Seekers",52,0.200825925395066,"Low Risk"
42,51,834,"Quarterly","Value Seekers",55,0.20074099874076,"Low Risk"
8,47,1478,"Annual","Premium",39,0.193072744093626,"Low Risk"
32,64,865,"Quarterly","Price Sensitive",52,0.189383077384812,"Low Risk"
25,84,369,"Monthly","Price Sensitive",67,0.186144947249327,"Low Risk"
23,61,730,"Monthly","Premium",52,0.184843629046162,"Low Risk"
11,40,1737,"Quarterly","Value Seekers",40,0.184500299396205,"Low Risk"
29,48,1175,"Monthly","Premium",61,0.180947201699692,"Low Risk"
43,5,858,"Monthly","Price Sensitive",57,0.179734530135587,"Low Risk"
15,46,1764,"Monthly","Premium",46,0.178880912167119,"Low Risk"
20,49,1203,"Annual","Price Sensitive",44,0.175345647273671,"Low Risk"
23,32,1267,"Quarterly","Price Sensitive",59,0.17491744878512,"Low Risk"
55,42,1022,"Quarterly","Value Seekers",29,0.170767168871332,"Low Risk"
32,66,1232,"Quarterly","Value Seekers",41,0.170249788866661,"Low Risk"
47,39,1371,"Quarterly","Price Sensitive",56,0.168767414893152,"Low Risk"
50,27,899,"Monthly","Premium",73,0.168541634810936,"Low Risk"
22,74,1355,"Monthly","Price Sensitive",55,0.167529342932512,"Low Risk"
6,31,300,"Quarterly","Premium",70,0.167049159932404,"Low Risk"
24,79,1365,"Quarterly","Value Seekers",42,0.166117383803637,"Low Risk"
14,70,1335,"Monthly","Value Seekers",43,0.165645406439965,"Low Risk"
20,111,300,"Monthly","Price Sensitive",65,0.163728650403947,"Low Risk"
20,70,981,"Monthly","Value Seekers",55,0.163640830568467,"Low Risk"
8,16,1340,"Monthly","Value Seekers",42,0.163295516894412,"Low Risk"
27,42,557,"Annual","Premium",57,0.161402139095556,"Low Risk"
34,52,470,"Monthly","Value Seekers",57,0.160113809775438,"Low Risk"
31,65,1564,"Monthly","Price Sensitive",49,0.160032735668746,"Low Risk"
36,84,990,"Monthly","Value Seekers",52,0.15862361874604,"Low Risk"
65,60,1659,"Monthly","Value Seekers",57,0.158324101575473,"Low Risk"
21,52,851,"Quarterly","Value Seekers",54,0.156974191891142,"Low Risk"
17,72,1385,"Quarterly","Premium",76,0.156249337597485,"Low Risk"
30,41,1761,"Monthly","Price Sensitive",38,0.156247415752273,"Low Risk"
17,68,978,"Monthly","Value Seekers",58,0.154522215578014,"Low Risk"
12,21,1488,"Monthly","Premium",54,0.149686909905186,"Low Risk"
12,25,787,"Monthly","Premium",71,0.147962993183501,"Low Risk"
26,53,1591,"Monthly","Premium",61,0.14739902461658,"Low Risk"
9,43,835,"Monthly","Price Sensitive",53,0.146533187960814,"Low Risk"
25,68,623,"Annual","Premium",75,0.142568462318628,"Low Risk"
72,17,1014,"Quarterly","Value Seekers",44,0.140234699345526,"Low Risk"
35,77,1552,"Monthly","Price Sensitive",66,0.13969852917207,"Low Risk"
23,30,1141,"Monthly","Value Seekers",60,0.139482824982714,"Low Risk"
13,84,1090,"Monthly","Value Seekers",47,0.139217311568373,"Low Risk"
43,45,800,"Monthly","Price Sensitive",53,0.139092031196727,"Low Risk"
20,5,1400,"Annual","Price Sensitive",49,0.136609369332846,"Low Risk"
37,97,1132,"Quarterly","Value Seekers",59,0.134229498021024,"Low Risk"
30,73,709,"Annual","Price Sensitive",63,0.132260580810162,"Low Risk"
22,74,300,"Quarterly","Price Sensitive",51,0.130271098299336,"Low Risk"
42,74,1153,"Monthly","Value Seekers",47,0.129848601950639,"Low Risk"
6,51,1444,"Monthly","Price Sensitive",48,0.128938787227667,"Low Risk"
20,57,1188,"Monthly","Value Seekers",69,0.124127595864828,"Low Risk"
20,63,1260,"Monthly","Price Sensitive",61,0.122856354771171,"Low Risk"
9,58,1435,"Quarterly","Value Seekers",53,0.122845190816952,"Low Risk"
13,61,803,"Monthly","Price Sensitive",51,0.122387317649999,"Low Risk"
18,54,1051,"Quarterly","Price Sensitive",47,0.12237939085677,"Low Risk"
26,79,1703,"Monthly","Price Sensitive",57,0.121634007422644,"Low Risk"
17,45,668,"Monthly","Price Sensitive",81,0.120981776711313,"Low Risk"
16,81,921,"Monthly","Premium",74,0.119922692382455,"Low Risk"
14,39,1410,"Monthly","Value Seekers",49,0.119544506643235,"Low Risk"
29,50,367,"Quarterly","Premium",44,0.115250387629739,"Low Risk"
19,34,1472,"Quarterly","Price Sensitive",39,0.114622027390218,"Low Risk"
8,69,1068,"Monthly","Price Sensitive",39,0.112890112445093,"Low Risk"
39,57,1360,"Annual","Premium",43,0.112306856668611,"Low Risk"
12,39,1721,"Monthly","Premium",69,0.11175599374691,"Low Risk"
21,49,583,"Monthly","Price Sensitive",63,0.110851121505337,"Low Risk"
55,41,514,"Monthly","Premium",70,0.110707462828492,"Low Risk"
37,76,600,"Annual","Price Sensitive",62,0.110438982321959,"Low Risk"
26,33,1530,"Monthly","Price Sensitive",44,0.110297258474021,"Low Risk"
32,16,520,"Monthly","Premium",50,0.105841505742672,"Low Risk"
50,55,1608,"Monthly","Price Sensitive",57,0.105564994129535,"Low Risk"
14,68,1272,"Monthly","Premium",64,0.104424671639413,"Low Risk"
9,58,1631,"Quarterly","Value Seekers",47,0.103965354192842,"Low Risk"
16,93,854,"Monthly","Price Sensitive",73,0.103809786226927,"Low Risk"
8,33,539,"Quarterly","Value Seekers",66,0.103369584883865,"Low Risk"
21,49,1311,"Monthly","Premium",62,0.10209414402172,"Low Risk"
16,57,1158,"Monthly","Premium",58,0.101611365534303,"Low Risk"
25,21,378,"Annual","Value Seekers",58,0.101358808285176,"Low Risk"
7,77,2245,"Quarterly","Premium",55,0.101260295101737,"Low Risk"
12,43,901,"Monthly","Value Seekers",65,0.101134625961811,"Low Risk"
16,55,449,"Monthly","Price Sensitive",76,0.101124958916147,"Low Risk"
8,79,1058,"Quarterly","Value Seekers",48,0.100912800946101,"Low Risk"
29,54,1202,"Monthly","Price Sensitive",63,0.099697566128372,"Low Risk"
48,70,1233,"Monthly","Premium",59,0.0995856893546492,"Low Risk"
10,54,497,"Quarterly","Value Seekers",61,0.0978359870594829,"Low Risk"
7,60,663,"Monthly","Price Sensitive",66,0.0976630781404255,"Low Risk"
14,29,745,"Monthly","Premium",66,0.0974437421376383,"Low Risk"
26,60,1276,"Quarterly","Value Seekers",48,0.0972499895487677,"Low Risk"
13,45,1049,"Quarterly","Price Sensitive",74,0.0966049114865163,"Low Risk"
23,65,942,"Quarterly","Value Seekers",57,0.0955088380507226,"Low Risk"
24,59,883,"Monthly","Premium",51,0.0952011041127434,"Low Risk"
19,71,481,"Monthly","Price Sensitive",68,0.0936421221616836,"Low Risk"
9,52,1464,"Monthly","Price Sensitive",50,0.0927205139127476,"Low Risk"
16,80,1543,"Monthly","Price Sensitive",53,0.0918259158000924,"Low Risk"
17,41,2195,"Monthly","Value Seekers",39,0.0901456512721264,"Low Risk"
15,81,1305,"Monthly","Premium",75,0.0886363286256615,"Low Risk"
9,27,1112,"Monthly","Price Sensitive",65,0.0883431409741717,"Low Risk"
19,88,854,"Monthly","Premium",62,0.087409786326561,"Low Risk"
10,80,840,"Annual","Value Seekers",65,0.086507161955381,"Low Risk"
4,64,1299,"Quarterly","Value Seekers",47,0.086182779045393,"Low Risk"
46,90,321,"Monthly","Price Sensitive",57,0.0860714286075904,"Low Risk"
18,51,836,"Annual","Price Sensitive",62,0.0854343243099871,"Low Risk"
10,62,1245,"Monthly","Premium",72,0.0852479735275382,"Low Risk"
16,36,646,"Quarterly","Premium",53,0.0832885997383757,"Low Risk"
5,60,745,"Monthly","Price Sensitive",62,0.0823720275347977,"Low Risk"
49,64,973,"Monthly","Value Seekers",67,0.0813725351531639,"Low Risk"
21,32,1471,"Quarterly","Price Sensitive",62,0.0808197830780747,"Low Risk"
19,60,1249,"Monthly","Premium",64,0.0803714360295192,"Low Risk"
11,68,300,"Monthly","Premium",67,0.0798174489507317,"Low Risk"
11,69,474,"Quarterly","Value Seekers",60,0.0794353185372513,"Low Risk"
22,57,529,"Monthly","Premium",51,0.0785018653310308,"Low Risk"
4,95,1031,"Monthly","Premium",62,0.0777688396310867,"Low Risk"
48,27,1938,"Quarterly","Price Sensitive",52,0.0767339432438538,"Low Risk"
9,7,1476,"Monthly","Price Sensitive",47,0.0763934441236777,"Low Risk"
51,53,1470,"Quarterly","Value Seekers",42,0.0762274052331648,"Low Risk"
3,56,874,"Monthly","Price Sensitive",56,0.0761446024056593,"Low Risk"
12,40,1898,"Annual","Price Sensitive",68,0.0760878500188983,"Low Risk"
30,64,1410,"Annual","Value Seekers",43,0.0750874471057765,"Low Risk"
15,40,1318,"Monthly","Price Sensitive",62,0.0743707452264805,"Low Risk"
19,71,1176,"Monthly","Price Sensitive",60,0.0732354835388379,"Low Risk"
6,55,1567,"Monthly","Value Seekers",56,0.0731041809589065,"Low Risk"
18,38,830,"Monthly","Premium",66,0.071822302831712,"Low Risk"
16,76,1856,"Monthly","Value Seekers",49,0.0716512944597633,"Low Risk"
10,43,807,"Quarterly","Price Sensitive",63,0.0715548069184687,"Low Risk"
35,64,1377,"Monthly","Price Sensitive",65,0.070674414532954,"Low Risk"
7,61,759,"Monthly","Price Sensitive",60,0.0706239188718447,"Low Risk"
18,56,1059,"Monthly","Price Sensitive",51,0.070341886517838,"Low Risk"
16,63,758,"Annual","Value Seekers",46,0.070328737942937,"Low Risk"
9,46,1404,"Annual","Price Sensitive",48,0.0703006548716655,"Low Risk"
15,55,1219,"Monthly","Price Sensitive",49,0.0698321404554349,"Low Risk"
41,35,406,"Annual","Price Sensitive",64,0.069781667677731,"Low Risk"
35,73,735,"Monthly","Price Sensitive",65,0.0692791395394486,"Low Risk"
15,43,1167,"Monthly","Premium",48,0.0688137302055109,"Low Risk"
40,33,982,"Quarterly","Price Sensitive",55,0.0684376220139999,"Low Risk"
12,78,1394,"Annual","Value Seekers",50,0.0677332439213435,"Low Risk"
12,113,1804,"Monthly","Value Seekers",63,0.0674391760607096,"Low Risk"
29,59,1157,"Quarterly","Value Seekers",50,0.0663316317720305,"Low Risk"
9,52,1333,"Monthly","Value Seekers",65,0.0661326447807279,"Low Risk"
13,45,1775,"Monthly","Value Seekers",55,0.0658057375414322,"Low Risk"
31,71,1163,"Quarterly","Price Sensitive",66,0.0656615259391332,"Low Risk"
40,70,826,"Monthly","Premium",74,0.0647423641043818,"Low Risk"
30,12,1596,"Annual","Price Sensitive",44,0.0646168420215206,"Low Risk"
38,78,1821,"Monthly","Price Sensitive",54,0.0644844697971977,"Low Risk"
3,83,1266,"Monthly","Premium",61,0.0636984241716034,"Low Risk"
22,31,1416,"Annual","Value Seekers",53,0.0636019449102811,"Low Risk"
9,59,452,"Monthly","Price Sensitive",73,0.0629921996660445,"Low Risk"
13,96,338,"Quarterly","Price Sensitive",65,0.0628694418915733,"Low Risk"
18,103,644,"Monthly","Price Sensitive",59,0.0626368875644318,"Low Risk"
20,57,809,"Quarterly","Value Seekers",61,0.0617857372207878,"Low Risk"
51,50,1221,"Monthly","Price Sensitive",46,0.0610631994628524,"Low Risk"
5,56,731,"Quarterly","Value Seekers",59,0.0609251245112301,"Low Risk"
6,70,409,"Monthly","Premium",66,0.0606166745959258,"Low Risk"
21,38,1166,"Monthly","Premium",49,0.0602225037465093,"Low Risk"
24,71,559,"Quarterly","Price Sensitive",61,0.0583953382266916,"Low Risk"
11,25,1143,"Monthly","Premium",71,0.0568769954641093,"Low Risk"
39,48,1047,"Annual","Price Sensitive",51,0.0568718746215195,"Low Risk"
60,89,1136,"Annual","Premium",51,0.056792827320542,"Low Risk"
25,82,1182,"Monthly","Premium",81,0.0563211967732606,"Low Risk"
13,82,1210,"Monthly","Price Sensitive",73,0.0551200821172615,"Low Risk"
8,30,1490,"Annual","Price Sensitive",52,0.0550415203219085,"Low Risk"
25,46,592,"Quarterly","Premium",75,0.0539863153870633,"Low Risk"
47,81,1284,"Monthly","Price Sensitive",50,0.0536744354777603,"Low Risk"
52,23,1275,"Monthly","Price Sensitive",57,0.052484828318239,"Low Risk"
16,55,1165,"Annual","Price Sensitive",43,0.0513440937637554,"Low Risk"
16,34,1840,"Quarterly","Value Seekers",67,0.0505420536956093,"Low Risk"
14,69,1609,"Monthly","Value Seekers",54,0.0501051695378411,"Low Risk"
9,71,1266,"Quarterly","Value Seekers",61,0.0500545387837394,"Low Risk"
39,53,1273,"Monthly","Value Seekers",61,0.0500375125782801,"Low Risk"
12,38,1428,"Annual","Price Sensitive",53,0.048900017776971,"Low Risk"
9,84,300,"Monthly","Value Seekers",66,0.0486809468406699,"Low Risk"
26,61,1434,"Monthly","Price Sensitive",54,0.0479185490862247,"Low Risk"
27,37,1015,"Monthly","Price Sensitive",53,0.0477804396031713,"Low Risk"
14,62,1039,"Monthly","Value Seekers",65,0.0472591879457379,"Low Risk"
49,50,756,"Quarterly","Premium",77,0.0469768131739802,"Low Risk"
37,45,383,"Annual","Value Seekers",46,0.0465390806810496,"Low Risk"
20,60,981,"Monthly","Premium",70,0.0462410772332688,"Low Risk"
10,95,749,"Monthly","Price Sensitive",83,0.046201113801371,"Low Risk"
12,40,1522,"Monthly","Premium",56,0.0461226161519065,"Low Risk"
6,78,993,"Quarterly","Premium",63,0.0460868267032246,"Low Risk"
23,52,837,"Quarterly","Price Sensitive",71,0.0459751262561343,"Low Risk"
12,54,920,"Annual","Value Seekers",50,0.0458230740140118,"Low Risk"
9,39,2050,"Monthly","Value Seekers",73,0.0453728277058322,"Low Risk"
14,54,300,"Monthly","Price Sensitive",73,0.0442302066244799,"Low Risk"
12,49,1103,"Quarterly","Value Seekers",47,0.0438510521437231,"Low Risk"
63,49,1183,"Monthly","Premium",73,0.0438217989879123,"Low Risk"
9,57,421,"Monthly","Price Sensitive",73,0.0436178288255409,"Low Risk"
21,61,300,"Monthly","Value Seekers",58,0.0429980199744768,"Low Risk"
16,38,1509,"Quarterly","Price Sensitive",67,0.042931313119011,"Low Risk"
13,72,1694,"Quarterly","Value Seekers",47,0.0421769216097474,"Low Risk"
31,35,1570,"Monthly","Price Sensitive",50,0.0415489484239402,"Low Risk"
8,61,1482,"Quarterly","Premium",38,0.0415307843313706,"Low Risk"
11,73,1113,"Monthly","Value Seekers",49,0.0409127845698986,"Low Risk"
15,62,1185,"Quarterly","Price Sensitive",66,0.0404996430366734,"Low Risk"
32,66,786,"Monthly","Premium",65,0.0401143056260968,"Low Risk"
24,57,1248,"Monthly","Premium",58,0.0400541136045001,"Low Risk"
11,68,1649,"Monthly","Price Sensitive",55,0.0400476995396497,"Low Risk"
8,95,708,"Quarterly","Premium",80,0.0400423157129691,"Low Risk"
34,76,916,"Quarterly","Value Seekers",61,0.0396868841460272,"Low Risk"
20,33,719,"Quarterly","Value Seekers",62,0.0390280850118391,"Low Risk"
12,63,1631,"Monthly","Value Seekers",53,0.0390005440309892,"Low Risk"
18,58,300,"Monthly","Value Seekers",64,0.0389401603841176,"Low Risk"
54,14,802,"Quarterly","Value Seekers",60,0.037695388777961,"Low Risk"
16,40,1828,"Annual","Premium",43,0.0370583686494216,"Low Risk"
12,103,609,"Monthly","Price Sensitive",74,0.0368063087804713,"Low Risk"
21,70,1325,"Quarterly","Price Sensitive",64,0.0358738300854467,"Low Risk"
26,20,1396,"Monthly","Value Seekers",58,0.0356132749625179,"Low Risk"
23,50,1414,"Monthly","Value Seekers",60,0.0355981580495013,"Low Risk"
24,35,1307,"Monthly","Price Sensitive",63,0.0353679031425897,"Low Risk"
17,48,1198,"Annual","Premium",56,0.0344190648794005,"Low Risk"
24,86,1119,"Monthly","Price Sensitive",73,0.0339891609115682,"Low Risk"
22,76,1454,"Quarterly","Value Seekers",57,0.0336980448559229,"Low Risk"
25,71,1497,"Quarterly","Price Sensitive",67,0.0336444834054564,"Low Risk"
4,65,634,"Monthly","Premium",76,0.0336339413104917,"Low Risk"
25,67,1763,"Quarterly","Price Sensitive",49,0.032995409115738,"Low Risk"
21,81,1368,"Monthly","Premium",67,0.0326770234994187,"Low Risk"
17,74,1849,"Monthly","Premium",68,0.0325274028428483,"Low Risk"
58,41,1598,"Monthly","Value Seekers",52,0.0324040622643385,"Low Risk"
18,64,1252,"Quarterly","Price Sensitive",63,0.0319789223577729,"Low Risk"
11,42,1040,"Annual","Price Sensitive",49,0.0319552458596083,"Low Risk"
21,48,1103,"Annual","Premium",62,0.0317813511913864,"Low Risk"
25,80,1146,"Quarterly","Price Sensitive",72,0.0316306068555122,"Low Risk"
26,65,2025,"Monthly","Price Sensitive",51,0.0315890128489291,"Low Risk"
6,56,1284,"Annual","Price Sensitive",50,0.0313950849588987,"Low Risk"
28,33,1319,"Annual","Price Sensitive",45,0.0305955744725604,"Low Risk"
12,28,636,"Annual","Premium",58,0.0301542631270864,"Low Risk"
42,90,1064,"Quarterly","Price Sensitive",67,0.0301232140677792,"Low Risk"
35,66,1213,"Quarterly","Price Sensitive",61,0.030022591943024,"Low Risk"
37,55,729,"Quarterly","Value Seekers",58,0.0292432907713264,"Low Risk"
21,60,940,"Monthly","Price Sensitive",60,0.0287499359873138,"Low Risk"
25,65,1624,"Monthly","Value Seekers",71,0.0286326035296587,"Low Risk"
32,54,1325,"Monthly","Price Sensitive",52,0.0285392236351921,"Low Risk"
33,45,1938,"Monthly","Value Seekers",71,0.0284450970821427,"Low Risk"
38,90,800,"Monthly","Premium",83,0.0278371687367098,"Low Risk"
35,67,1266,"Annual","Value Seekers",49,0.0277335855835715,"Low Risk"
8,49,1087,"Monthly","Price Sensitive",64,0.0276403197468315,"Low Risk"
10,73,1482,"Monthly","Premium",54,0.0276011084235949,"Low Risk"
17,49,1282,"Monthly","Premium",67,0.0275996118570001,"Low Risk"
18,65,881,"Monthly","Price Sensitive",64,0.0274297655493822,"Low Risk"
23,79,1389,"Monthly","Price Sensitive",69,0.0274148865860867,"Low Risk"
36,26,1535,"Quarterly","Value Seekers",46,0.0273959728885778,"Low Risk"
5,70,1374,"Monthly","Value Seekers",68,0.0273318896997645,"Low Risk"
34,72,1363,"Monthly","Premium",68,0.0273132350676177,"Low Risk"
8,59,916,"Monthly","Value Seekers",72,0.0269945395377577,"Low Risk"
34,42,879,"Quarterly","Value Seekers",81,0.0266009819187127,"Low Risk"
23,73,316,"Monthly","Price Sensitive",82,0.0265697145613852,"Low Risk"
3,69,906,"Quarterly","Price Sensitive",55,0.0262802537404119,"Low Risk"
28,44,778,"Quarterly","Premium",59,0.02625851598928,"Low Risk"
22,78,929,"Monthly","Price Sensitive",67,0.0257974381396139,"Low Risk"
8,66,1411,"Monthly","Price Sensitive",64,0.0257696594101535,"Low Risk"
11,52,1948,"Monthly","Premium",68,0.0253803215075442,"Low Risk"
15,40,1430,"Monthly","Premium",71,0.0249754800771144,"Low Risk"
26,23,974,"Monthly","Price Sensitive",66,0.0241822818125484,"Low Risk"
31,65,2011,"Monthly","Value Seekers",51,0.023733402777254,"Low Risk"
8,86,590,"Quarterly","Value Seekers",70,0.0236646045490789,"Low Risk"
10,35,1056,"Annual","Value Seekers",59,0.0235032029473938,"Low Risk"
41,58,1792,"Monthly","Price Sensitive",65,0.0224559761754755,"Low Risk"
24,67,1073,"Monthly","Premium",85,0.0224419011727695,"Low Risk"
16,39,1415,"Monthly","Premium",60,0.0224186860029505,"Low Risk"
15,68,1021,"Quarterly","Value Seekers",58,0.0222417558121606,"Low Risk"
12,45,622,"Monthly","Premium",62,0.021994454274451,"Low Risk"
32,38,1612,"Monthly","Price Sensitive",75,0.0212003418295203,"Low Risk"
47,89,1288,"Quarterly","Value Seekers",69,0.0211231355650019,"Low Risk"
44,78,620,"Monthly","Premium",69,0.0209980355710199,"Low Risk"
5,74,2201,"Quarterly","Value Seekers",57,0.0207330935679186,"Low Risk"
14,67,1564,"Monthly","Price Sensitive",36,0.0205608905423221,"Low Risk"
21,59,1388,"Monthly","Value Seekers",81,0.0203826374407919,"Low Risk"
5,94,1013,"Quarterly","Value Seekers",71,0.0202163127613434,"Low Risk"
6,93,1316,"Quarterly","Value Seekers",71,0.0202064010878381,"Low Risk"
39,59,1983,"Quarterly","Value Seekers",45,0.0201127849189,"Low Risk"
26,79,1089,"Monthly","Price Sensitive",58,0.0199577017185553,"Low Risk"
12,78,1085,"Monthly","Price Sensitive",68,0.0199440266209459,"Low Risk"
6,64,1843,"Annual","Price Sensitive",68,0.0199339570995876,"Low Risk"
51,94,813,"Monthly","Value Seekers",68,0.0199127699230937,"Low Risk"
10,80,1904,"Quarterly","Value Seekers",62,0.0198735293807135,"Low Risk"
5,76,417,"Monthly","Price Sensitive",84,0.0198073615802449,"Low Risk"
27,30,1790,"Monthly","Price Sensitive",61,0.0197814274604847,"Low Risk"
35,76,773,"Annual","Premium",69,0.0196366337924425,"Low Risk"
7,33,1207,"Monthly","Value Seekers",75,0.0196297709552448,"Low Risk"
11,113,580,"Annual","Price Sensitive",74,0.0195348749198714,"Low Risk"
20,67,1736,"Quarterly","Value Seekers",50,0.0194833204405905,"Low Risk"
24,86,1063,"Monthly","Value Seekers",67,0.0192927357204237,"Low Risk"
5,69,1030,"Monthly","Value Seekers",74,0.0192915458512487,"Low Risk"
34,75,1990,"Quarterly","Value Seekers",57,0.0192410952448482,"Low Risk"
13,60,1411,"Quarterly","Premium",55,0.0191493077136029,"Low Risk"
22,66,1021,"Annual","Value Seekers",44,0.0189426021055509,"Low Risk"
18,67,1428,"Monthly","Price Sensitive",69,0.0188387448797611,"Low Risk"
31,40,1160,"Quarterly","Value Seekers",65,0.0184748921821931,"Low Risk"
6,111,993,"Monthly","Value Seekers",73,0.0183989225983146,"Low Risk"
4,90,822,"Quarterly","Price Sensitive",70,0.0182605729310096,"Low Risk"
38,57,1468,"Quarterly","Price Sensitive",67,0.0182513840222374,"Low Risk"
34,77,1132,"Quarterly","Premium",80,0.018118975417951,"Low Risk"
12,41,1012,"Monthly","Premium",68,0.0180745526464462,"Low Risk"
14,90,1460,"Monthly","Value Seekers",79,0.0178971413809454,"Low Risk"
15,95,1810,"Monthly","Premium",75,0.0177371316014695,"Low Risk"
18,33,1014,"Annual","Price Sensitive",47,0.0177067637179163,"Low Risk"
10,66,1566,"Monthly","Value Seekers",58,0.0175702743105172,"Low Risk"
14,67,1109,"Monthly","Price Sensitive",74,0.0174868435041471,"Low Risk"
9,50,678,"Quarterly","Value Seekers",57,0.0174747607898967,"Low Risk"
28,74,1647,"Quarterly","Price Sensitive",61,0.0173028877274472,"Low Risk"
21,50,1837,"Monthly","Premium",45,0.0172017558047067,"Low Risk"
15,66,1373,"Annual","Price Sensitive",60,0.0171405912173121,"Low Risk"
63,56,331,"Monthly","Premium",78,0.0171031904280387,"Low Risk"
18,83,1503,"Monthly","Premium",82,0.0170191674897687,"Low Risk"
32,58,892,"Quarterly","Price Sensitive",65,0.0166361634594057,"Low Risk"
4,46,1665,"Quarterly","Price Sensitive",56,0.0166336122924959,"Low Risk"
39,24,678,"Annual","Price Sensitive",65,0.0166184450456417,"Low Risk"
11,72,1797,"Monthly","Value Seekers",59,0.0165816381569116,"Low Risk"
44,56,2310,"Monthly","Price Sensitive",58,0.0162474187883303,"Low Risk"
6,68,2039,"Monthly","Value Seekers",76,0.0162144866899516,"Low Risk"
19,93,848,"Quarterly","Price Sensitive",65,0.0161807995129015,"Low Risk"
13,59,1467,"Quarterly","Value Seekers",73,0.0160991314289207,"Low Risk"
7,54,1484,"Monthly","Value Seekers",60,0.016067274574107,"Low Risk"
24,70,1574,"Monthly","Price Sensitive",65,0.0159287633999194,"Low Risk"
42,42,1569,"Monthly","Price Sensitive",70,0.0158749043483044,"Low Risk"
7,37,300,"Quarterly","Value Seekers",60,0.0158604174391415,"Low Risk"
16,33,1352,"Quarterly","Value Seekers",63,0.0156560931712828,"Low Risk"
8,56,1237,"Monthly","Value Seekers",63,0.0156024503958095,"Low Risk"
7,59,1460,"Monthly","Value Seekers",67,0.0153820631547771,"Low Risk"
18,54,833,"Monthly","Price Sensitive",70,0.0151421656890057,"Low Risk"
16,62,1000,"Monthly","Price Sensitive",61,0.014993076060498,"Low Risk"
19,52,1294,"Annual","Value Seekers",62,0.0149856593119106,"Low Risk"
30,6,1219,"Annual","Premium",50,0.0147641900206824,"Low Risk"
12,72,1239,"Monthly","Value Seekers",70,0.0146444342043321,"Low Risk"
24,80,1016,"Monthly","Value Seekers",78,0.0144875252309332,"Low Risk"
14,59,1565,"Monthly","Price Sensitive",75,0.0144342686324777,"Low Risk"
59,64,1365,"Monthly","Value Seekers",67,0.014321772091183,"Low Risk"
13,72,897,"Monthly","Value Seekers",53,0.0141863952311177,"Low Risk"
32,63,1357,"Quarterly","Price Sensitive",53,0.01418607980653,"Low Risk"
45,66,1227,"Monthly","Value Seekers",73,0.0139683773979629,"Low Risk"
28,44,1751,"Monthly","Value Seekers",63,0.0139399495055361,"Low Risk"
26,75,300,"Quarterly","Premium",76,0.0139121671173865,"Low Risk"
25,70,1277,"Monthly","Value Seekers",85,0.0138816570976539,"Low Risk"
31,52,1904,"Monthly","Value Seekers",54,0.013813265495479,"Low Risk"
8,42,722,"Annual","Price Sensitive",53,0.0137039369423112,"Low Risk"
71,71,1924,"Annual","Price Sensitive",61,0.0136410301102749,"Low Risk"
12,73,940,"Monthly","Price Sensitive",67,0.0135254854106397,"Low Risk"
17,32,1040,"Monthly","Price Sensitive",74,0.0133858681791436,"Low Risk"
9,74,984,"Quarterly","Price Sensitive",76,0.0133192655404765,"Low Risk"
29,58,908,"Quarterly","Price Sensitive",69,0.013171082107551,"Low Risk"
28,62,1291,"Quarterly","Premium",68,0.0130613864390097,"Low Risk"
27,70,300,"Monthly","Value Seekers",83,0.0129962774722677,"Low Risk"
66,45,1470,"Monthly","Premium",58,0.0128800471489625,"Low Risk"
4,35,994,"Monthly","Premium",70,0.012820491685775,"Low Risk"
19,45,1816,"Annual","Value Seekers",54,0.0127743636635363,"Low Risk"
35,76,1910,"Monthly","Price Sensitive",67,0.0127378179883765,"Low Risk"
38,73,762,"Monthly","Value Seekers",71,0.0126551689378905,"Low Risk"
26,67,1086,"Monthly","Value Seekers",55,0.0126503773031982,"Low Risk"
19,83,906,"Monthly","Value Seekers",76,0.0125810253014846,"Low Risk"
23,69,300,"Quarterly","Value Seekers",71,0.0125801834033331,"Low Risk"
11,63,1408,"Quarterly","Premium",56,0.0125467667249065,"Low Risk"
29,85,1110,"Monthly","Price Sensitive",74,0.0124139344980561,"Low Risk"
21,69,714,"Quarterly","Premium",59,0.0122338584164601,"Low Risk"
19,37,685,"Quarterly","Value Seekers",70,0.0122144555613932,"Low Risk"
5,60,1862,"Quarterly","Premium",60,0.0121764035639412,"Low Risk"
5,33,1257,"Annual","Value Seekers",54,0.0121561681878755,"Low Risk"
7,59,1222,"Quarterly","Price Sensitive",57,0.0121090093102252,"Low Risk"
37,38,1090,"Monthly","Value Seekers",57,0.0120997154148781,"Low Risk"
27,63,1618,"Monthly","Price Sensitive",69,0.0119473839194934,"Low Risk"
2,67,1127,"Quarterly","Price Sensitive",83,0.011629267439173,"Low Risk"
13,85,1330,"Quarterly","Price Sensitive",58,0.011610026348485,"Low Risk"
43,61,789,"Monthly","Price Sensitive",69,0.0115474361395233,"Low Risk"
3,71,1387,"Monthly","Price Sensitive",68,0.0114600846500879,"Low Risk"
20,55,658,"Monthly","Premium",68,0.0114049009559424,"Low Risk"
21,44,1644,"Annual","Price Sensitive",69,0.0113170657868717,"Low Risk"
14,54,1364,"Quarterly","Premium",59,0.0113042839846356,"Low Risk"
25,45,1255,"Quarterly","Price Sensitive",55,0.0112636078744318,"Low Risk"
23,30,696,"Quarterly","Premium",77,0.0110391856946969,"Low Risk"
15,64,1515,"Annual","Premium",77,0.0109810881239499,"Low Risk"
17,45,1329,"Quarterly","Value Seekers",65,0.010902467577824,"Low Risk"
62,67,1299,"Quarterly","Value Seekers",66,0.0108815490352217,"Low Risk"
13,93,949,"Quarterly","Premium",80,0.0107867202631607,"Low Risk"
60,55,1549,"Monthly","Value Seekers",57,0.0107480858355541,"Low Risk"
28,83,699,"Quarterly","Price Sensitive",76,0.0106792642954448,"Low Risk"
38,61,1263,"Monthly","Value Seekers",63,0.010625259132686,"Low Risk"
4,93,1165,"Monthly","Price Sensitive",67,0.0105000006513756,"Low Risk"
24,44,994,"Monthly","Premium",66,0.0104737160159767,"Low Risk"
36,21,1214,"Annual","Price Sensitive",66,0.0104240643506074,"Low Risk"
18,78,1082,"Monthly","Value Seekers",78,0.0103105125400231,"Low Risk"
26,63,758,"Quarterly","Value Seekers",55,0.0102532676902034,"Low Risk"
25,38,1842,"Quarterly","Price Sensitive",54,0.010156671634453,"Low Risk"
22,38,1947,"Quarterly","Value Seekers",64,0.0100436845373224,"Low Risk"
30,58,1458,"Quarterly","Value Seekers",70,0.0100174571173514,"Low Risk"
31,54,1623,"Quarterly","Value Seekers",68,0.00993009063494145,"Low Risk"
31,57,1733,"Monthly","Value Seekers",78,0.00984406906556937,"Low Risk"
19,70,894,"Quarterly","Price Sensitive",65,0.00982898446027273,"Low Risk"
30,74,1671,"Annual","Price Sensitive",53,0.00969899107278874,"Low Risk"
19,98,568,"Annual","Value Seekers",63,0.00967353151622924,"Low Risk"
15,97,1679,"Annual","Premium",55,0.00961277646890517,"Low Risk"
27,60,1692,"Monthly","Value Seekers",86,0.00953250979575278,"Low Risk"
15,75,1426,"Annual","Premium",53,0.00948406371941924,"Low Risk"
40,69,1362,"Annual","Value Seekers",67,0.00939735549749185,"Low Risk"
19,100,1129,"Monthly","Value Seekers",67,0.00936982304373286,"Low Risk"
8,74,779,"Quarterly","Value Seekers",71,0.00921310897676753,"Low Risk"
33,46,590,"Monthly","Price Sensitive",65,0.00916798349118201,"Low Risk"
13,72,948,"Annual","Price Sensitive",72,0.00914502529078949,"Low Risk"
31,110,1077,"Quarterly","Price Sensitive",55,0.00910306338215363,"Low Risk"
8,54,650,"Quarterly","Price Sensitive",75,0.00907475867008071,"Low Risk"
23,57,794,"Quarterly","Value Seekers",69,0.00907009646126085,"Low Risk"
10,21,1800,"Monthly","Price Sensitive",47,0.00899767386318842,"Low Risk"
15,86,688,"Monthly","Value Seekers",69,0.0089824682802337,"Low Risk"
41,72,1071,"Monthly","Price Sensitive",72,0.00894883401380384,"Low Risk"
3,21,1744,"Annual","Price Sensitive",72,0.00885016731814746,"Low Risk"
8,54,1114,"Monthly","Price Sensitive",72,0.00876125911389434,"Low Risk"
11,57,636,"Annual","Premium",78,0.00857444217669607,"Low Risk"
6,87,1081,"Monthly","Premium",74,0.00851790653400701,"Low Risk"
10,63,1105,"Quarterly","Premium",71,0.00839866861016103,"Low Risk"
20,52,1245,"Quarterly","Value Seekers",77,0.00836718883885468,"Low Risk"
22,68,1292,"Monthly","Premium",76,0.00835790354035886,"Low Risk"
26,57,1193,"Monthly","Price Sensitive",62,0.0082872565524443,"Low Risk"
11,73,1787,"Quarterly","Price Sensitive",72,0.00826867385827585,"Low Risk"
12,49,850,"Monthly","Premium",70,0.00826325182347416,"Low Risk"
11,45,569,"Quarterly","Price Sensitive",71,0.00823374990684563,"Low Risk"
6,77,1354,"Monthly","Value Seekers",72,0.00815851132752826,"Low Risk"
32,75,1687,"Quarterly","Price Sensitive",56,0.00809014309413407,"Low Risk"
21,54,1051,"Monthly","Value Seekers",71,0.00807784880288858,"Low Risk"
18,75,1770,"Quarterly","Price Sensitive",45,0.00800436962033964,"Low Risk"
38,56,1811,"Quarterly","Premium",55,0.0078817319386727,"Low Risk"
34,84,1778,"Monthly","Price Sensitive",61,0.0078252257068628,"Low Risk"
45,42,1886,"Annual","Premium",66,0.00782320083831961,"Low Risk"
17,62,1223,"Monthly","Price Sensitive",69,0.00781694075375456,"Low Risk"
34,53,931,"Quarterly","Price Sensitive",65,0.00767641028939158,"Low Risk"
17,71,566,"Monthly","Price Sensitive",70,0.00761299569451238,"Low Risk"
13,54,930,"Monthly","Price Sensitive",62,0.0075638605624559,"Low Risk"
13,66,1279,"Monthly","Value Seekers",67,0.00755786823535775,"Low Risk"
33,99,1158,"Monthly","Premium",60,0.00755433559527828,"Low Risk"
8,91,983,"Quarterly","Price Sensitive",69,0.00754518151367754,"Low Risk"
5,37,852,"Annual","Price Sensitive",59,0.00754420744057492,"Low Risk"
45,61,2020,"Monthly","Price Sensitive",82,0.00751102055340167,"Low Risk"
22,71,706,"Monthly","Value Seekers",85,0.00744447324158995,"Low Risk"
37,39,509,"Quarterly","Value Seekers",64,0.00737244035317621,"Low Risk"
30,55,1188,"Monthly","Premium",85,0.00735811036840665,"Low Risk"
10,68,946,"Annual","Premium",70,0.00734400540841471,"Low Risk"
31,26,1369,"Monthly","Price Sensitive",70,0.0073165857143547,"Low Risk"
8,61,1412,"Monthly","Price Sensitive",79,0.00731269811061068,"Low Risk"
16,25,1395,"Quarterly","Premium",58,0.00720262611769669,"Low Risk"
41,77,623,"Monthly","Price Sensitive",81,0.007149988013276,"Low Risk"
61,66,2076,"Annual","Price Sensitive",45,0.00711516345001499,"Low Risk"
23,10,1549,"Quarterly","Premium",57,0.00709076547058512,"Low Risk"
6,33,759,"Quarterly","Value Seekers",72,0.00708159797402517,"Low Risk"
12,69,1396,"Monthly","Price Sensitive",69,0.00704548408669915,"Low Risk"
25,90,933,"Quarterly","Price Sensitive",71,0.00701923033756687,"Low Risk"
16,29,1574,"Quarterly","Value Seekers",53,0.00697756264914613,"Low Risk"
17,109,1203,"Monthly","Value Seekers",69,0.00696640012473448,"Low Risk"
17,68,1849,"Annual","Price Sensitive",41,0.00696637911965207,"Low Risk"
52,47,950,"Monthly","Price Sensitive",83,0.00694847614501652,"Low Risk"
19,65,1405,"Monthly","Price Sensitive",59,0.00686191385004842,"Low Risk"
28,67,1039,"Monthly","Price Sensitive",76,0.00675563255115794,"Low Risk"
20,102,970,"Monthly","Premium",75,0.00660053992922888,"Low Risk"
46,41,1047,"Monthly","Value Seekers",71,0.00659077944179837,"Low Risk"
27,43,1435,"Monthly","Premium",68,0.00654237520957423,"Low Risk"
12,61,1053,"Monthly","Price Sensitive",56,0.00650445787484479,"Low Risk"
11,33,521,"Annual","Value Seekers",61,0.00649757468840466,"Low Risk"
20,42,1456,"Annual","Value Seekers",50,0.00642973870825656,"Low Risk"
10,68,873,"Quarterly","Premium",71,0.00640980144019578,"Low Risk"
8,25,498,"Annual","Value Seekers",73,0.00639079963980153,"Low Risk"
7,55,1558,"Annual","Value Seekers",63,0.00637924018527071,"Low Risk"
21,70,1443,"Quarterly","Value Seekers",66,0.00637853363789412,"Low Risk"
35,70,1343,"Monthly","Price Sensitive",80,0.00633648287981376,"Low Risk"
21,72,1214,"Quarterly","Value Seekers",73,0.00629609582058154,"Low Risk"
7,42,876,"Annual","Premium",68,0.0062872657935268,"Low Risk"
14,57,340,"Annual","Value Seekers",64,0.00625998960925918,"Low Risk"
17,81,1458,"Quarterly","Value Seekers",78,0.00617921689402467,"Low Risk"
21,84,1266,"Quarterly","Price Sensitive",83,0.00615570808097368,"Low Risk"
21,105,1740,"Quarterly","Price Sensitive",60,0.00606547024704406,"Low Risk"
42,15,1090,"Annual","Price Sensitive",64,0.00599893777817178,"Low Risk"
16,63,1155,"Monthly","Premium",66,0.00595267417821219,"Low Risk"
36,72,1236,"Quarterly","Price Sensitive",71,0.00593056919334095,"Low Risk"
19,73,1522,"Monthly","Value Seekers",67,0.00585013645607289,"Low Risk"
16,43,1946,"Monthly","Value Seekers",70,0.00581281385078542,"Low Risk"
43,66,1217,"Quarterly","Price Sensitive",66,0.00575369758178628,"Low Risk"
41,105,638,"Monthly","Premium",79,0.00571751869868577,"Low Risk"
8,61,1597,"Monthly","Value Seekers",73,0.00571443319685257,"Low Risk"
33,59,728,"Quarterly","Premium",66,0.00567340007183455,"Low Risk"
10,49,790,"Quarterly","Price Sensitive",68,0.00566879021448905,"Low Risk"
15,80,1517,"Quarterly","Premium",58,0.00562977181981469,"Low Risk"
9,69,968,"Quarterly","Value Seekers",63,0.00562841936282853,"Low Risk"
41,98,816,"Monthly","Value Seekers",87,0.0056205251171722,"Low Risk"
17,51,684,"Annual","Value Seekers",76,0.00561829560023801,"Low Risk"
21,76,1717,"Monthly","Price Sensitive",79,0.00560171889694323,"Low Risk"
13,51,1432,"Monthly","Premium",68,0.00550204689652535,"Low Risk"
16,70,530,"Annual","Value Seekers",76,0.00543766281790815,"Low Risk"
22,91,1428,"Monthly","Price Sensitive",84,0.00543417702861944,"Low Risk"
17,61,1739,"Quarterly","Premium",72,0.00540525164215401,"Low Risk"
7,78,444,"Annual","Premium",67,0.00539472001821722,"Low Risk"
20,74,2104,"Quarterly","Value Seekers",56,0.00533075477370793,"Low Risk"
38,61,756,"Quarterly","Price Sensitive",61,0.00531976809052026,"Low Risk"
11,67,1866,"Quarterly","Premium",73,0.00520461380233446,"Low Risk"
54,72,774,"Monthly","Price Sensitive",80,0.00519312623938119,"Low Risk"
36,73,669,"Quarterly","Value Seekers",75,0.00517366938222176,"Low Risk"
12,67,1337,"Annual","Price Sensitive",73,0.00515798013910488,"Low Risk"
16,96,1633,"Quarterly","Price Sensitive",57,0.00515571157878615,"Low Risk"
15,34,1582,"Quarterly","Value Seekers",71,0.00515051027784485,"Low Risk"
29,55,1182,"Quarterly","Price Sensitive",54,0.00508567215325332,"Low Risk"
9,95,1326,"Monthly","Premium",88,0.00506062396302113,"Low Risk"
40,68,540,"Annual","Premium",72,0.00503223876180123,"Low Risk"
19,105,851,"Monthly","Price Sensitive",70,0.00499603138833978,"Low Risk"
8,88,1529,"Monthly","Value Seekers",66,0.0049539108053861,"Low Risk"
17,85,300,"Monthly","Price Sensitive",74,0.0049219536733854,"Low Risk"
9,71,663,"Annual","Premium",79,0.00489981675965713,"Low Risk"
8,95,1104,"Monthly","Value Seekers",76,0.00488963156601824,"Low Risk"
34,86,924,"Quarterly","Value Seekers",72,0.00485957763252656,"Low Risk"
17,83,300,"Monthly","Premium",81,0.0048289691042531,"Low Risk"
16,77,1114,"Monthly","Premium",69,0.00479808231799931,"Low Risk"
14,58,1460,"Quarterly","Price Sensitive",62,0.0047881899782405,"Low Risk"
21,89,2187,"Quarterly","Price Sensitive",43,0.00478481510802713,"Low Risk"
5,75,1257,"Monthly","Value Seekers",80,0.00478148478968412,"Low Risk"
17,53,1886,"Quarterly","Value Seekers",51,0.00475775472970293,"Low Risk"
46,11,2035,"Quarterly","Value Seekers",47,0.00473734574931963,"Low Risk"
16,52,638,"Monthly","Price Sensitive",89,0.00472874222132053,"Low Risk"
36,69,1798,"Monthly","Premium",71,0.00469664618949639,"Low Risk"
14,55,400,"Quarterly","Value Seekers",80,0.00466952893605312,"Low Risk"
31,88,1434,"Quarterly","Premium",94,0.00466297369750913,"Low Risk"
25,63,980,"Quarterly","Price Sensitive",58,0.00463770610071689,"Low Risk"
16,84,929,"Monthly","Price Sensitive",75,0.00461808532399736,"Low Risk"
68,58,1704,"Monthly","Price Sensitive",68,0.00459368427868603,"Low Risk"
58,30,1438,"Quarterly","Price Sensitive",64,0.00459088373362383,"Low Risk"
5,52,1065,"Monthly","Price Sensitive",71,0.00452382745832896,"Low Risk"
12,58,1324,"Annual","Value Seekers",69,0.00451035456158372,"Low Risk"
21,27,1768,"Monthly","Premium",69,0.00437598121783246,"Low Risk"
14,58,1172,"Monthly","Premium",86,0.00434629563718987,"Low Risk"
23,98,976,"Monthly","Value Seekers",67,0.00431037821694746,"Low Risk"
11,62,873,"Monthly","Value Seekers",78,0.00422574724172584,"Low Risk"
21,37,1157,"Quarterly","Value Seekers",77,0.00420814677343033,"Low Risk"
25,53,616,"Quarterly","Premium",73,0.00420446525970649,"Low Risk"
33,65,1465,"Quarterly","Premium",53,0.00416098472834625,"Low Risk"
18,48,1050,"Monthly","Value Seekers",60,0.00415619306880608,"Low Risk"
39,70,1166,"Monthly","Value Seekers",70,0.004143044756822,"Low Risk"
29,55,1340,"Monthly","Premium",72,0.00413032700725414,"Low Risk"
4,38,673,"Annual","Premium",77,0.00408430856756958,"Low Risk"
14,69,300,"Monthly","Value Seekers",78,0.00404255717144409,"Low Risk"
17,53,719,"Monthly","Premium",64,0.00404101472811337,"Low Risk"
35,84,691,"Quarterly","Value Seekers",76,0.00401931877886151,"Low Risk"
17,64,969,"Quarterly","Premium",79,0.0039892855231534,"Low Risk"
4,58,390,"Annual","Price Sensitive",76,0.00394743891111704,"Low Risk"
13,24,1785,"Monthly","Value Seekers",73,0.00391750288504544,"Low Risk"
18,57,904,"Annual","Premium",70,0.00390825519730104,"Low Risk"
20,65,2037,"Monthly","Premium",68,0.00389621072513316,"Low Risk"
6,70,1438,"Monthly","Value Seekers",62,0.0038959796287657,"Low Risk"
5,105,766,"Quarterly","Value Seekers",74,0.00388872564190402,"Low Risk"
7,109,1535,"Monthly","Price Sensitive",70,0.00382414434633712,"Low Risk"
28,102,1029,"Monthly","Price Sensitive",71,0.00380475064500988,"Low Risk"
26,61,1623,"Monthly","Value Seekers",80,0.00377626110501562,"Low Risk"
24,66,868,"Quarterly","Value Seekers",66,0.00376333170047497,"Low Risk"
7,35,1123,"Monthly","Premium",62,0.00374217565951203,"Low Risk"
5,71,2008,"Monthly","Premium",68,0.00374184710984929,"Low Risk"
5,51,663,"Annual","Premium",69,0.00372388728125153,"Low Risk"
25,103,1156,"Monthly","Price Sensitive",69,0.00368080757641255,"Low Risk"
13,80,1140,"Monthly","Value Seekers",76,0.0036687809526309,"Low Risk"
21,79,1020,"Quarterly","Premium",81,0.00362278486963694,"Low Risk"
9,69,1416,"Monthly","Price Sensitive",78,0.00358856351202661,"Low Risk"
10,86,1586,"Monthly","Premium",82,0.00357718017703516,"Low Risk"
24,37,811,"Annual","Price Sensitive",74,0.00356373243006484,"Low Risk"
18,54,510,"Quarterly","Premium",76,0.00356073735165465,"Low Risk"
40,86,1295,"Monthly","Price Sensitive",62,0.00351384452202158,"Low Risk"
29,50,932,"Quarterly","Value Seekers",67,0.0034657676428579,"Low Risk"
14,45,1282,"Annual","Price Sensitive",70,0.00343255564875022,"Low Risk"
6,64,1497,"Quarterly","Price Sensitive",78,0.00340940560086197,"Low Risk"
12,45,642,"Annual","Price Sensitive",74,0.00331755900883336,"Low Risk"
39,81,1065,"Annual","Price Sensitive",61,0.00327904694862629,"Low Risk"
6,74,1534,"Monthly","Value Seekers",58,0.003241133062062,"Low Risk"
44,77,2021,"Quarterly","Price Sensitive",70,0.00323916107251385,"Low Risk"
18,69,620,"Annual","Price Sensitive",59,0.00322579027848438,"Low Risk"
11,56,1155,"Monthly","Value Seekers",66,0.00320808623219107,"Low Risk"
10,46,564,"Quarterly","Premium",65,0.00318247863625416,"Low Risk"
6,78,1491,"Monthly","Price Sensitive",72,0.00314774043125485,"Low Risk"
22,79,621,"Monthly","Price Sensitive",80,0.00314616496226451,"Low Risk"
31,31,946,"Quarterly","Premium",71,0.00313959622992134,"Low Risk"
49,74,1619,"Monthly","Value Seekers",69,0.00311941877711534,"Low Risk"
12,71,1347,"Quarterly","Value Seekers",64,0.00307113935320728,"Low Risk"
20,74,869,"Monthly","Premium",83,0.00307108385177506,"Low Risk"
30,70,1061,"Quarterly","Price Sensitive",72,0.00304543797598011,"Low Risk"
14,42,2196,"Annual","Premium",73,0.0030397070056405,"Low Risk"
2,39,1138,"Quarterly","Value Seekers",64,0.0029871767306498,"Low Risk"
13,66,1357,"Monthly","Value Seekers",88,0.00297128310960102,"Low Risk"
21,76,1177,"Monthly","Value Seekers",76,0.00295846781960314,"Low Risk"
21,41,579,"Annual","Premium",64,0.00293621302995684,"Low Risk"
12,44,1475,"Quarterly","Value Seekers",61,0.00293528241888051,"Low Risk"
25,75,1345,"Quarterly","Premium",63,0.00290374701264698,"Low Risk"
3,48,371,"Monthly","Price Sensitive",82,0.00285830218734438,"Low Risk"
24,55,1486,"Monthly","Value Seekers",84,0.00283984158079565,"Low Risk"
17,83,1086,"Annual","Price Sensitive",55,0.00283072766324811,"Low Risk"
60,68,446,"Quarterly","Value Seekers",78,0.0028104898927781,"Low Risk"
29,52,2018,"Quarterly","Price Sensitive",71,0.00279870980054757,"Low Risk"
40,59,1336,"Quarterly","Value Seekers",63,0.00279292523044549,"Low Risk"
33,62,2009,"Monthly","Price Sensitive",58,0.0027926716387291,"Low Risk"
7,62,1196,"Monthly","Value Seekers",73,0.00279072363002492,"Low Risk"
19,48,1434,"Annual","Price Sensitive",62,0.00278487162320232,"Low Risk"
4,59,925,"Monthly","Value Seekers",74,0.00276348945364189,"Low Risk"
15,74,1177,"Monthly","Price Sensitive",76,0.00273420042282801,"Low Risk"
19,89,1563,"Annual","Price Sensitive",66,0.00270531885192831,"Low Risk"
19,32,851,"Quarterly","Value Seekers",70,0.00269534332326752,"Low Risk"
12,65,1267,"Monthly","Premium",66,0.00268862082150799,"Low Risk"
17,82,1442,"Monthly","Value Seekers",69,0.00268312070861815,"Low Risk"
32,87,991,"Annual","Premium",63,0.00267899119434445,"Low Risk"
23,47,1114,"Quarterly","Value Seekers",79,0.00264483422953317,"Low Risk"
31,32,2065,"Annual","Premium",61,0.00262660876830674,"Low Risk"
18,57,1892,"Monthly","Premium",84,0.00261724121702022,"Low Risk"
26,51,1491,"Monthly","Premium",61,0.00258024175459387,"Low Risk"
20,61,1916,"Annual","Premium",75,0.00257371581386327,"Low Risk"
5,64,855,"Quarterly","Price Sensitive",70,0.00256924743550341,"Low Risk"
45,78,1315,"Monthly","Premium",86,0.00252579163379521,"Low Risk"
7,101,1581,"Quarterly","Premium",85,0.00252192733398222,"Low Risk"
33,82,1489,"Monthly","Price Sensitive",89,0.00250125803471669,"Low Risk"
11,55,1655,"Monthly","Premium",84,0.00249912458890223,"Low Risk"
34,60,946,"Quarterly","Value Seekers",78,0.00247468350529582,"Low Risk"
24,53,1620,"Monthly","Value Seekers",76,0.0024491269634614,"Low Risk"
29,62,1597,"Quarterly","Premium",74,0.00242557682080102,"Low Risk"
16,29,979,"Annual","Value Seekers",66,0.00241274161951547,"Low Risk"
19,105,1211,"Monthly","Premium",74,0.00240596003131141,"Low Risk"
5,48,1083,"Annual","Premium",73,0.00238218618749525,"Low Risk"
29,87,1376,"Annual","Premium",64,0.00229596260274264,"Low Risk"
31,57,622,"Annual","Premium",63,0.00229492480916426,"Low Risk"
53,75,1177,"Annual","Value Seekers",72,0.00229274673978412,"Low Risk"
9,97,379,"Monthly","Value Seekers",74,0.00228071747586813,"Low Risk"
39,47,520,"Quarterly","Price Sensitive",74,0.00226786131414032,"Low Risk"
21,32,1150,"Annual","Premium",68,0.00225725587816153,"Low Risk"
14,96,1307,"Quarterly","Value Seekers",69,0.00225209518949164,"Low Risk"
11,62,1496,"Quarterly","Price Sensitive",54,0.0022496839874909,"Low Risk"
10,89,1246,"Monthly","Price Sensitive",85,0.00224584854215173,"Low Risk"
42,77,2371,"Monthly","Price Sensitive",57,0.0022444336074353,"Low Risk"
39,20,1439,"Quarterly","Price Sensitive",58,0.00224237418112027,"Low Risk"
29,65,961,"Monthly","Price Sensitive",82,0.00221184694849745,"Low Risk"
39,76,1165,"Annual","Premium",54,0.00219812722717447,"Low Risk"
55,89,1469,"Annual","Value Seekers",63,0.00219122276579278,"Low Risk"
13,46,1188,"Monthly","Value Seekers",81,0.00217993909892206,"Low Risk"
20,17,2085,"Monthly","Price Sensitive",68,0.00215293407270653,"Low Risk"
42,89,797,"Monthly","Price Sensitive",71,0.00214534904479373,"Low Risk"
6,67,300,"Monthly","Price Sensitive",77,0.0021451242470125,"Low Risk"
58,57,1350,"Quarterly","Price Sensitive",69,0.00211810421042021,"Low Risk"
8,60,1086,"Quarterly","Price Sensitive",61,0.00210441023581869,"Low Risk"
31,72,1790,"Annual","Price Sensitive",54,0.00210377337105331,"Low Risk"
33,95,1497,"Annual","Price Sensitive",62,0.00208843789171545,"Low Risk"
17,37,1330,"Monthly","Value Seekers",64,0.00208068117339468,"Low Risk"
17,55,452,"Annual","Value Seekers",69,0.00206417904199532,"Low Risk"
18,69,1745,"Monthly","Value Seekers",64,0.00205597875737609,"Low Risk"
11,54,1460,"Quarterly","Value Seekers",79,0.00204821594517586,"Low Risk"
17,91,1358,"Quarterly","Value Seekers",69,0.00203465297330032,"Low Risk"
31,98,641,"Quarterly","Price Sensitive",77,0.00202723474222843,"Low Risk"
13,52,611,"Annual","Price Sensitive",59,0.00201079848540768,"Low Risk"
28,46,1426,"Annual","Value Seekers",74,0.00198435454614456,"Low Risk"
24,42,1267,"Annual","Price Sensitive",64,0.00197043447196393,"Low Risk"
16,48,485,"Annual","Value Seekers",71,0.00194465090140353,"Low Risk"
6,86,1014,"Monthly","Value Seekers",84,0.00193973751797221,"Low Risk"
22,81,1863,"Annual","Value Seekers",72,0.00192866709614559,"Low Risk"
16,69,1593,"Monthly","Premium",75,0.00192746410394699,"Low Risk"
26,50,1010,"Monthly","Premium",70,0.00192614615585076,"Low Risk"
10,64,785,"Annual","Price Sensitive",64,0.00191084152204645,"Low Risk"
13,48,989,"Quarterly","Price Sensitive",74,0.00190976860589363,"Low Risk"
29,102,973,"Monthly","Value Seekers",74,0.00189001898104303,"Low Risk"
16,83,2095,"Quarterly","Price Sensitive",59,0.00186920904565471,"Low Risk"
24,92,599,"Monthly","Value Seekers",77,0.0018309864698146,"Low Risk"
31,97,815,"Monthly","Premium",72,0.00179142564605603,"Low Risk"
12,95,1009,"Annual","Premium",72,0.00178935909283999,"Low Risk"
17,95,1367,"Annual","Price Sensitive",85,0.00175915744931429,"Low Risk"
10,85,515,"Annual","Price Sensitive",80,0.00174880891847747,"Low Risk"
17,46,1668,"Quarterly","Premium",76,0.00174822713755129,"Low Risk"
11,94,1055,"Quarterly","Premium",78,0.00174337044026426,"Low Risk"
3,91,1289,"Monthly","Price Sensitive",63,0.00174108795661681,"Low Risk"
4,50,1578,"Monthly","Premium",79,0.00173551336088136,"Low Risk"
12,70,1162,"Monthly","Value Seekers",83,0.00172581250132089,"Low Risk"
22,50,1415,"Monthly","Premium",86,0.00171779362722988,"Low Risk"
30,53,1620,"Quarterly","Price Sensitive",78,0.0017152734835891,"Low Risk"
72,22,1127,"Quarterly","Premium",78,0.00171417149382373,"Low Risk"
59,83,1861,"Quarterly","Price Sensitive",61,0.00171088809440222,"Low Risk"
20,66,419,"Monthly","Premium",79,0.00169509011693893,"Low Risk"
29,74,393,"Monthly","Price Sensitive",80,0.00165588653008479,"Low Risk"
32,84,1597,"Monthly","Price Sensitive",72,0.00165573150978324,"Low Risk"
27,84,1177,"Annual","Price Sensitive",65,0.00164742982035732,"Low Risk"
41,45,1119,"Quarterly","Price Sensitive",63,0.00164149427969695,"Low Risk"
13,58,931,"Quarterly","Value Seekers",68,0.00162795267038993,"Low Risk"
25,67,1502,"Monthly","Value Seekers",77,0.00161734890285681,"Low Risk"
37,62,935,"Quarterly","Value Seekers",73,0.00161674741296643,"Low Risk"
44,31,1446,"Annual","Value Seekers",75,0.00161617757410916,"Low Risk"
12,76,1185,"Monthly","Premium",78,0.0016059884998147,"Low Risk"
35,48,1922,"Annual","Price Sensitive",64,0.00160014752611706,"Low Risk"
13,57,785,"Monthly","Premium",86,0.00158586982750289,"Low Risk"
26,78,1547,"Annual","Value Seekers",66,0.00153581178082781,"Low Risk"
19,63,1332,"Monthly","Premium",75,0.00153563615859619,"Low Risk"
11,93,476,"Annual","Price Sensitive",79,0.00152887754611111,"Low Risk"
29,81,1319,"Quarterly","Price Sensitive",66,0.00147626688301195,"Low Risk"
25,30,1291,"Monthly","Value Seekers",86,0.00145917001603438,"Low Risk"
27,62,1803,"Monthly","Premium",70,0.0014454385278866,"Low Risk"
6,55,1234,"Monthly","Premium",81,0.00143294857870672,"Low Risk"
41,80,489,"Quarterly","Price Sensitive",74,0.00139973489107978,"Low Risk"
2,50,1809,"Monthly","Premium",65,0.00139788176254553,"Low Risk"
22,91,1756,"Monthly","Premium",83,0.00136933534229227,"Low Risk"
13,66,549,"Annual","Premium",74,0.0013590266127379,"Low Risk"
20,74,1440,"Monthly","Premium",82,0.00135535965413565,"Low Risk"
6,100,1548,"Annual","Value Seekers",72,0.00133829658297392,"Low Risk"
17,79,818,"Annual","Price Sensitive",68,0.00133548244020675,"Low Risk"
4,84,1560,"Annual","Value Seekers",72,0.00133243974476259,"Low Risk"
18,55,1340,"Monthly","Value Seekers",85,0.0013219723556459,"Low Risk"
18,32,824,"Monthly","Premium",95,0.00129102823667939,"Low Risk"
27,67,1467,"Quarterly","Premium",73,0.00128975440908581,"Low Risk"
19,81,1650,"Annual","Price Sensitive",65,0.00128133145695295,"Low Risk"
17,75,1019,"Annual","Value Seekers",66,0.00125791603239149,"Low Risk"
8,95,862,"Quarterly","Value Seekers",81,0.00124337024507816,"Low Risk"
72,89,1446,"Quarterly","Price Sensitive",81,0.0012345499183006,"Low Risk"
50,50,1677,"Monthly","Premium",82,0.0012223916338567,"Low Risk"
10,51,1760,"Annual","Premium",82,0.0011934396514728,"Low Risk"
32,114,1004,"Monthly","Value Seekers",100,0.00119130536376276,"Low Risk"
15,66,2213,"Quarterly","Value Seekers",65,0.00117540388329605,"Low Risk"
11,79,810,"Quarterly","Price Sensitive",74,0.00116266368597167,"Low Risk"
33,128,406,"Quarterly","Price Sensitive",87,0.00113004770911317,"Low Risk"
26,48,1527,"Monthly","Premium",80,0.00112555617776566,"Low Risk"
34,44,1269,"Annual","Price Sensitive",75,0.00112512590379427,"Low Risk"
16,102,1224,"Quarterly","Price Sensitive",83,0.00111303512448292,"Low Risk"
21,39,1336,"Annual","Price Sensitive",73,0.00110358398164313,"Low Risk"
29,54,1580,"Monthly","Price Sensitive",84,0.00110337001545147,"Low Risk"
16,73,971,"Monthly","Value Seekers",70,0.0010997635237441,"Low Risk"
6,47,1341,"Annual","Price Sensitive",52,0.00109679234810555,"Low Risk"
20,44,1327,"Quarterly","Value Seekers",63,0.00109461752318542,"Low Risk"
17,61,1256,"Quarterly","Price Sensitive",94,0.00109350825833377,"Low Risk"
8,60,1337,"Annual","Value Seekers",62,0.00108092180789563,"Low Risk"
4,53,1856,"Annual","Premium",72,0.00107172803171111,"Low Risk"
19,75,1530,"Quarterly","Value Seekers",77,0.00106786628330944,"Low Risk"
8,91,1128,"Annual","Price Sensitive",84,0.00106499251788092,"Low Risk"
10,120,1259,"Monthly","Price Sensitive",79,0.00106093121034986,"Low Risk"
10,68,1808,"Annual","Value Seekers",80,0.00105859543773974,"Low Risk"
50,71,1309,"Annual","Value Seekers",57,0.00105725898105345,"Low Risk"
18,49,771,"Annual","Price Sensitive",66,0.00105658563393196,"Low Risk"
21,56,300,"Annual","Premium",82,0.00104678704427391,"Low Risk"
18,85,1080,"Annual","Price Sensitive",88,0.00103708865941884,"Low Risk"
17,79,1099,"Quarterly","Value Seekers",90,0.00102249538780332,"Low Risk"
19,90,1536,"Quarterly","Value Seekers",72,0.00101939120643526,"Low Risk"
34,71,910,"Monthly","Price Sensitive",77,0.00100908945691454,"Low Risk"
25,60,1800,"Quarterly","Value Seekers",74,0.000998026076495452,"Low Risk"
38,45,1010,"Annual","Value Seekers",66,0.000985435130216719,"Low Risk"
23,105,833,"Monthly","Price Sensitive",72,0.000974133758218782,"Low Risk"
13,59,1601,"Annual","Value Seekers",76,0.000973858007951602,"Low Risk"
28,77,796,"Annual","Value Seekers",70,0.000973126603419847,"Low Risk"
11,72,1190,"Monthly","Premium",100,0.000964082527780485,"Low Risk"
11,49,1602,"Quarterly","Value Seekers",67,0.000955154740120683,"Low Risk"
27,46,1510,"Annual","Value Seekers",73,0.00095182238447979,"Low Risk"
7,102,1684,"Monthly","Price Sensitive",78,0.000949944854131587,"Low Risk"
26,51,2015,"Annual","Value Seekers",49,0.000947801961637983,"Low Risk"
24,95,1079,"Annual","Price Sensitive",82,0.000943167924835051,"Low Risk"
22,91,2097,"Quarterly","Price Sensitive",57,0.000937385576277021,"Low Risk"
18,77,1761,"Monthly","Premium",61,0.000927105670993695,"Low Risk"
41,61,1575,"Monthly","Premium",83,0.000926421504275873,"Low Risk"
39,69,1297,"Quarterly","Value Seekers",78,0.000919811049236955,"Low Risk"
15,83,2089,"Monthly","Value Seekers",71,0.000914650739831008,"Low Risk"
15,41,681,"Monthly","Premium",83,0.000908579248209883,"Low Risk"
26,55,1595,"Monthly","Premium",82,0.000905859272644817,"Low Risk"
8,69,814,"Annual","Premium",77,0.000893021935334273,"Low Risk"
30,92,1019,"Monthly","Price Sensitive",87,0.000884431391380879,"Low Risk"
8,43,1875,"Annual","Value Seekers",77,0.000881688118760245,"Low Risk"
14,77,1513,"Quarterly","Value Seekers",72,0.000876979764109184,"Low Risk"
3,40,1180,"Annual","Premium",88,0.000873786770911863,"Low Risk"
16,98,384,"Quarterly","Value Seekers",86,0.000871961626812527,"Low Risk"
26,47,1269,"Annual","Value Seekers",56,0.000829562744004187,"Low Risk"
14,99,1872,"Monthly","Premium",70,0.000822281059069366,"Low Risk"
11,82,1618,"Quarterly","Premium",75,0.000818311785338602,"Low Risk"
32,103,1292,"Monthly","Price Sensitive",90,0.000811041806406303,"Low Risk"
9,74,876,"Quarterly","Premium",70,0.000804134448920568,"Low Risk"
38,42,1697,"Monthly","Value Seekers",55,0.000800466553119789,"Low Risk"
15,101,1852,"Monthly","Value Seekers",79,0.000800078199437872,"Low Risk"
21,73,971,"Monthly","Price Sensitive",69,0.000795282030810332,"Low Risk"
23,76,1649,"Annual","Price Sensitive",70,0.000794810802281867,"Low Risk"
17,43,1308,"Annual","Value Seekers",66,0.00078339970192127,"Low Risk"
17,94,1177,"Quarterly","Value Seekers",93,0.000777658841780644,"Low Risk"
28,69,1111,"Monthly","Value Seekers",74,0.000775655525735137,"Low Risk"
10,65,1764,"Monthly","Value Seekers",85,0.000771070431361985,"Low Risk"
11,42,1242,"Annual","Value Seekers",74,0.000770719371392496,"Low Risk"
16,78,1424,"Monthly","Value Seekers",95,0.000767232389047867,"Low Risk"
24,81,1254,"Monthly","Value Seekers",86,0.00076030490052977,"Low Risk"
22,31,1440,"Annual","Price Sensitive",60,0.000754133819559729,"Low Risk"
19,56,1543,"Monthly","Price Sensitive",98,0.000743176112289428,"Low Risk"
30,54,2393,"Monthly","Price Sensitive",76,0.000742859962532461,"Low Risk"
65,70,1463,"Monthly","Price Sensitive",82,0.000739168391193233,"Low Risk"
33,52,927,"Quarterly","Price Sensitive",71,0.000723368989139378,"Low Risk"
72,48,1193,"Annual","Price Sensitive",60,0.000714757567327833,"Low Risk"
13,66,1797,"Quarterly","Premium",82,0.000713981019671299,"Low Risk"
10,56,300,"Annual","Premium",70,0.000712103244761066,"Low Risk"
11,61,1009,"Quarterly","Price Sensitive",64,0.000711557752289481,"Low Risk"
6,95,880,"Annual","Premium",83,0.000708478171929676,"Low Risk"
71,99,1106,"Monthly","Price Sensitive",80,0.000702439162142242,"Low Risk"
17,60,1795,"Quarterly","Price Sensitive",59,0.000693649317477075,"Low Risk"
18,112,1154,"Monthly","Premium",77,0.000691577657392757,"Low Risk"
24,96,1341,"Monthly","Price Sensitive",71,0.000691082258574109,"Low Risk"
34,63,1100,"Annual","Price Sensitive",69,0.000663996684700627,"Low Risk"
8,67,1005,"Quarterly","Price Sensitive",89,0.000658157204665017,"Low Risk"
10,68,1544,"Monthly","Value Seekers",79,0.000650450202373412,"Low Risk"
27,72,1561,"Quarterly","Value Seekers",72,0.000649815706519778,"Low Risk"
15,63,1019,"Monthly","Price Sensitive",79,0.000646412961716373,"Low Risk"
9,96,1928,"Quarterly","Price Sensitive",63,0.000641381828120788,"Low Risk"
9,108,595,"Annual","Premium",94,0.000631107192627794,"Low Risk"
29,62,1354,"Annual","Price Sensitive",75,0.000620504993989684,"Low Risk"
8,83,1427,"Monthly","Premium",83,0.000620305424602879,"Low Risk"
19,62,979,"Annual","Value Seekers",76,0.000618558967551086,"Low Risk"
22,92,926,"Quarterly","Value Seekers",80,0.000614492582109421,"Low Risk"
20,28,1809,"Monthly","Price Sensitive",62,0.000597951750145828,"Low Risk"
19,57,1131,"Annual","Price Sensitive",89,0.000597727954279646,"Low Risk"
56,100,509,"Quarterly","Premium",93,0.000596492745022868,"Low Risk"
8,108,2166,"Monthly","Value Seekers",92,0.000590064084324232,"Low Risk"
45,90,1018,"Monthly","Price Sensitive",93,0.000585247529718901,"Low Risk"
32,69,1005,"Quarterly","Price Sensitive",78,0.000585144802787934,"Low Risk"
18,44,1118,"Annual","Value Seekers",68,0.000581695862682621,"Low Risk"
20,48,1590,"Quarterly","Value Seekers",80,0.000575509555722844,"Low Risk"
21,75,1025,"Monthly","Premium",88,0.000574846135987315,"Low Risk"
38,81,1918,"Annual","Price Sensitive",70,0.000568286829880564,"Low Risk"
9,63,1621,"Annual","Premium",83,0.000562775764325194,"Low Risk"
48,19,1404,"Quarterly","Premium",68,0.000556472736449299,"Low Risk"
9,95,535,"Monthly","Price Sensitive",98,0.000553480236539352,"Low Risk"
19,90,948,"Quarterly","Value Seekers",83,0.00055033636376442,"Low Risk"
29,107,610,"Quarterly","Price Sensitive",80,0.000549982004055614,"Low Risk"
16,79,801,"Annual","Premium",88,0.000548696573696233,"Low Risk"
10,67,1529,"Annual","Premium",85,0.000547668846906232,"Low Risk"
14,55,810,"Annual","Value Seekers",79,0.000547251304208775,"Low Risk"
72,72,794,"Quarterly","Value Seekers",77,0.000544648506825328,"Low Risk"
12,44,1574,"Annual","Price Sensitive",63,0.00054176576187964,"Low Risk"
7,53,1922,"Quarterly","Premium",87,0.000541344263963539,"Low Risk"
34,105,1345,"Annual","Value Seekers",69,0.000534674871136797,"Low Risk"
10,71,1289,"Annual","Value Seekers",83,0.000533254094707749,"Low Risk"
20,63,1081,"Annual","Value Seekers",85,0.000526338794174606,"Low Risk"
33,100,1141,"Annual","Price Sensitive",83,0.000512197723000622,"Low Risk"
27,75,1182,"Monthly","Price Sensitive",69,0.000500692930673697,"Low Risk"
22,97,1659,"Annual","Value Seekers",63,0.000498498892996848,"Low Risk"
13,82,1390,"Quarterly","Value Seekers",79,0.000498391438831543,"Low Risk"
16,56,1353,"Annual","Value Seekers",75,0.000495087003437558,"Low Risk"
20,106,1085,"Monthly","Value Seekers",99,0.000488977248865662,"Low Risk"
9,70,1458,"Annual","Price Sensitive",82,0.000486024008760054,"Low Risk"
17,92,1339,"Monthly","Value Seekers",84,0.000480161332823585,"Low Risk"
17,87,915,"Monthly","Premium",90,0.000477168575960812,"Low Risk"
53,86,889,"Monthly","Premium",100,0.000476625087219025,"Low Risk"
41,64,1446,"Monthly","Value Seekers",92,0.000470271949256052,"Low Risk"
34,116,740,"Annual","Value Seekers",80,0.00046659509741913,"Low Risk"
28,83,1074,"Quarterly","Value Seekers",85,0.000455977554822848,"Low Risk"
18,59,1245,"Monthly","Premium",93,0.000451620139770933,"Low Risk"
18,91,1289,"Monthly","Price Sensitive",85,0.000439539270912821,"Low Risk"
30,86,1359,"Quarterly","Value Seekers",80,0.000426458332881474,"Low Risk"
19,83,1469,"Quarterly","Premium",74,0.000425500633362092,"Low Risk"
26,75,1007,"Monthly","Value Seekers",73,0.000406826629282732,"Low Risk"
7,83,1043,"Annual","Value Seekers",79,0.000401376796244745,"Low Risk"
19,83,1254,"Annual","Value Seekers",82,0.000358239966961418,"Low Risk"
10,90,300,"Monthly","Value Seekers",87,0.000358232440541545,"Low Risk"
4,85,1908,"Monthly","Value Seekers",80,0.00035610741071597,"Low Risk"
25,76,673,"Annual","Value Seekers",80,0.00034587309270186,"Low Risk"
11,56,1194,"Monthly","Value Seekers",97,0.000345091939029472,"Low Risk"
18,41,1408,"Monthly","Premium",98,0.000343706641591974,"Low Risk"
36,70,1130,"Monthly","Value Seekers",77,0.000341600673221398,"Low Risk"
14,106,1235,"Monthly","Value Seekers",94,0.000328921872498962,"Low Risk"
28,16,1617,"Quarterly","Value Seekers",78,0.000323254927663792,"Low Risk"
26,92,637,"Monthly","Premium",93,0.000319156347723443,"Low Risk"
23,64,2149,"Annual","Value Seekers",77,0.000312357751745149,"Low Risk"
9,71,1529,"Monthly","Premium",83,0.000308939753005184,"Low Risk"
17,61,593,"Annual","Premium",72,0.000307915084170606,"Low Risk"
48,49,1690,"Annual","Price Sensitive",63,0.000307325511355777,"Low Risk"
48,74,986,"Quarterly","Price Sensitive",78,0.000297279099526255,"Low Risk"
14,72,577,"Annual","Price Sensitive",93,0.000292936235408862,"Low Risk"
37,98,1199,"Quarterly","Value Seekers",78,0.000285773945002645,"Low Risk"
7,82,1666,"Monthly","Premium",87,0.000284983546104382,"Low Risk"
15,41,1576,"Annual","Premium",73,0.000283310351364371,"Low Risk"
15,62,1258,"Annual","Price Sensitive",96,0.000267923991854733,"Low Risk"
22,58,2032,"Monthly","Value Seekers",72,0.000267261041476143,"Low Risk"
12,87,1653,"Annual","Price Sensitive",84,0.000264218975172888,"Low Risk"
37,112,874,"Monthly","Price Sensitive",98,0.000264048420051504,"Low Risk"
15,112,1135,"Monthly","Value Seekers",87,0.00026031146144323,"Low Risk"
72,83,1278,"Quarterly","Price Sensitive",71,0.000259956040988291,"Low Risk"
22,70,1233,"Monthly","Premium",85,0.000259523584900758,"Low Risk"
34,62,1421,"Annual","Price Sensitive",87,0.000257534957155797,"Low Risk"
20,82,1469,"Quarterly","Premium",100,0.000257127076290452,"Low Risk"
23,68,1545,"Quarterly","Price Sensitive",78,0.000255063806419837,"Low Risk"
30,71,1397,"Quarterly","Price Sensitive",82,0.000247764067701318,"Low Risk"
27,65,1019,"Annual","Price Sensitive",82,0.00024730159463331,"Low Risk"
11,68,609,"Annual","Premium",79,0.000245600024823924,"Low Risk"
9,75,877,"Quarterly","Price Sensitive",87,0.000243255157206516,"Low Risk"
48,29,2123,"Annual","Value Seekers",74,0.000237063694340203,"Low Risk"
17,98,1660,"Quarterly","Value Seekers",69,0.000236843803918356,"Low Risk"
13,64,1497,"Annual","Price Sensitive",83,0.000236113032501058,"Low Risk"
27,64,1643,"Monthly","Price Sensitive",87,0.000227270515756801,"Low Risk"
39,80,986,"Annual","Price Sensitive",94,0.000226652292372513,"Low Risk"
8,77,864,"Quarterly","Value Seekers",92,0.000226347240264015,"Low Risk"
21,103,1827,"Monthly","Premium",93,0.00022614315007001,"Low Risk"
19,43,1485,"Annual","Premium",100,0.000221027320023429,"Low Risk"
38,77,300,"Monthly","Value Seekers",95,0.000219374876428032,"Low Risk"
6,75,1132,"Annual","Value Seekers",77,0.000218637371470556,"Low Risk"
19,85,1638,"Annual","Value Seekers",78,0.000216160352905027,"Low Risk"
42,70,1615,"Quarterly","Price Sensitive",68,0.000214568234704613,"Low Risk"
34,100,1023,"Monthly","Value Seekers",87,0.000208577352659441,"Low Risk"
48,57,1188,"Annual","Price Sensitive",81,0.000203826793356521,"Low Risk"
10,95,1292,"Monthly","Price Sensitive",93,0.000203333022744869,"Low Risk"
40,50,1274,"Annual","Price Sensitive",74,0.000195634945725462,"Low Risk"
19,89,1716,"Annual","Value Seekers",91,0.000190849944848254,"Low Risk"
32,56,2406,"Annual","Price Sensitive",59,0.000189406280657699,"Low Risk"
3,95,1830,"Monthly","Price Sensitive",81,0.00017978134817196,"Low Risk"
16,86,1255,"Monthly","Price Sensitive",96,0.000178294818526186,"Low Risk"
14,40,1373,"Quarterly","Value Seekers",70,0.000177515447826736,"Low Risk"
28,91,1541,"Quarterly","Value Seekers",82,0.000177411831291718,"Low Risk"
16,96,2406,"Monthly","Value Seekers",80,0.000175474344775533,"Low Risk"
29,95,772,"Quarterly","Premium",98,0.000175409501952492,"Low Risk"
54,49,1390,"Annual","Price Sensitive",80,0.000174584595622755,"Low Risk"
21,80,1678,"Quarterly","Value Seekers",79,0.000173158231136016,"Low Risk"
45,63,877,"Annual","Price Sensitive",80,0.000167625249801738,"Low Risk"
13,100,588,"Quarterly","Premium",94,0.00016713477462925,"Low Risk"
25,62,1143,"Annual","Value Seekers",86,0.000164914905352294,"Low Risk"
17,70,755,"Annual","Premium",80,0.000163136301986368,"Low Risk"
20,67,931,"Annual","Price Sensitive",75,0.000162138634272742,"Low Risk"
16,93,1256,"Annual","Value Seekers",74,0.000160949139297975,"Low Risk"
23,64,1504,"Annual","Premium",82,0.000152693714472647,"Low Risk"
29,71,952,"Annual","Value Seekers",87,0.000148757325288716,"Low Risk"
21,81,909,"Annual","Price Sensitive",77,0.000146615982094061,"Low Risk"
13,91,1157,"Annual","Price Sensitive",81,0.000145836955760224,"Low Risk"
27,97,752,"Quarterly","Price Sensitive",81,0.000144430373815322,"Low Risk"
29,69,648,"Annual","Price Sensitive",100,0.00014274534253348,"Low Risk"
25,91,464,"Quarterly","Value Seekers",96,0.000141324514608569,"Low Risk"
9,74,1790,"Quarterly","Premium",72,0.000138267051545618,"Low Risk"
7,86,1352,"Quarterly","Value Seekers",78,0.000137463288628146,"Low Risk"
19,94,1320,"Annual","Value Seekers",81,0.000136775318690063,"Low Risk"
18,63,1812,"Quarterly","Value Seekers",67,0.000136469439864344,"Low Risk"
21,77,1014,"Monthly","Premium",89,0.000131636486716196,"Low Risk"
16,95,806,"Annual","Premium",84,0.000130037591489164,"Low Risk"
48,64,1130,"Monthly","Premium",95,0.000128447800161617,"Low Risk"
10,59,2590,"Annual","Price Sensitive",65,0.000128261618083954,"Low Risk"
9,67,1447,"Quarterly","Premium",71,0.000128057654030708,"Low Risk"
14,64,2451,"Annual","Value Seekers",74,0.000125612060875591,"Low Risk"
22,85,1685,"Annual","Premium",94,0.000125389838357542,"Low Risk"
27,72,779,"Quarterly","Value Seekers",90,0.000123241574218471,"Low Risk"
72,72,1391,"Annual","Price Sensitive",88,0.000122340114691411,"Low Risk"
34,88,932,"Monthly","Price Sensitive",92,0.000121162861042144,"Low Risk"
13,94,934,"Monthly","Value Seekers",96,0.000120218840706212,"Low Risk"
26,84,1123,"Monthly","Premium",100,0.000119628633679489,"Low Risk"
14,71,1108,"Annual","Premium",99,0.000119095740877369,"Low Risk"
17,62,1940,"Annual","Price Sensitive",69,0.0001153914367733,"Low Risk"
20,68,447,"Annual","Value Seekers",92,0.000113101638146065,"Low Risk"
17,69,1037,"Annual","Price Sensitive",90,0.000112019864919256,"Low Risk"
28,73,1098,"Monthly","Price Sensitive",100,0.000110501575365654,"Low Risk"
2,46,1284,"Annual","Premium",90,0.000109485438850691,"Low Risk"
36,98,966,"Quarterly","Premium",100,0.00010830608240352,"Low Risk"
72,50,916,"Annual","Premium",93,0.000107914870901809,"Low Risk"
31,76,1454,"Annual","Price Sensitive",100,0.000107526427816074,"Low Risk"
20,56,2014,"Quarterly","Value Seekers",80,0.000106786000340341,"Low Risk"
9,86,1196,"Annual","Premium",85,0.000105466989959483,"Low Risk"
0,46,2269,"Annual","Price Sensitive",69,0.000104729687575313,"Low Risk"
21,83,1144,"Monthly","Premium",85,0.000103635958517055,"Low Risk"
30,29,1737,"Annual","Premium",93,9.78598564940099e-05,"Low Risk"
35,92,1621,"Quarterly","Value Seekers",88,9.50063153315093e-05,"Low Risk"
27,94,781,"Annual","Price Sensitive",97,9.37927682644212e-05,"Low Risk"
26,46,1656,"Annual","Price Sensitive",88,9.21338217643295e-05,"Low Risk"
10,105,1691,"Quarterly","Price Sensitive",66,9.20329897194982e-05,"Low Risk"
22,70,1045,"Annual","Price Sensitive",88,8.9081406030144e-05,"Low Risk"
37,70,637,"Annual","Value Seekers",78,8.8963943760461e-05,"Low Risk"
54,53,606,"Annual","Value Seekers",90,8.87476552671138e-05,"Low Risk"
18,79,1698,"Monthly","Value Seekers",87,8.83152999491298e-05,"Low Risk"
24,53,976,"Annual","Price Sensitive",85,8.64036130600096e-05,"Low Risk"
28,125,2073,"Monthly","Value Seekers",94,8.63371791755621e-05,"Low Risk"
55,102,1395,"Annual","Price Sensitive",70,8.62583833161337e-05,"Low Risk"
27,85,808,"Annual","Price Sensitive",91,8.59382542271779e-05,"Low Risk"
33,79,982,"Annual","Price Sensitive",95,8.53421038657701e-05,"Low Risk"
33,57,1496,"Quarterly","Price Sensitive",79,8.3975467307168e-05,"Low Risk"
36,60,1511,"Annual","Value Seekers",78,8.29996666131982e-05,"Low Risk"
6,75,1895,"Quarterly","Value Seekers",89,8.26552831975981e-05,"Low Risk"
8,40,1722,"Quarterly","Value Seekers",84,7.99493337951613e-05,"Low Risk"
27,81,1480,"Annual","Value Seekers",77,7.89852025465178e-05,"Low Risk"
43,117,1459,"Quarterly","Price Sensitive",89,7.79336958086362e-05,"Low Risk"
45,71,1537,"Monthly","Value Seekers",90,7.6902007031304e-05,"Low Risk"
71,73,1568,"Monthly","Premium",83,7.6200189740026e-05,"Low Risk"
6,87,1442,"Quarterly","Premium",84,7.61445857289514e-05,"Low Risk"
10,75,833,"Annual","Value Seekers",76,7.23312146310353e-05,"Low Risk"
14,54,927,"Annual","Value Seekers",79,6.9646457494848e-05,"Low Risk"
45,90,1170,"Annual","Value Seekers",76,6.82857197961028e-05,"Low Risk"
12,67,882,"Monthly","Value Seekers",98,6.77185725007806e-05,"Low Risk"
41,98,1933,"Monthly","Price Sensitive",91,6.48997675491245e-05,"Low Risk"
29,53,1779,"Quarterly","Price Sensitive",79,6.2362598197061e-05,"Low Risk"
21,48,934,"Annual","Price Sensitive",96,6.22932502593458e-05,"Low Risk"
22,82,1863,"Quarterly","Price Sensitive",95,6.1797927621429e-05,"Low Risk"
47,44,2163,"Annual","Premium",62,6.04799449935431e-05,"Low Risk"
12,99,1341,"Annual","Value Seekers",90,5.54933736619078e-05,"Low Risk"
41,100,831,"Monthly","Price Sensitive",100,5.54826416787596e-05,"Low Risk"
8,71,1536,"Annual","Premium",84,5.47258870562339e-05,"Low Risk"
39,84,1522,"Monthly","Price Sensitive",91,5.45179367348706e-05,"Low Risk"
19,90,1384,"Annual","Value Seekers",87,5.44064623056313e-05,"Low Risk"
11,63,1938,"Monthly","Price Sensitive",96,5.4133707953687e-05,"Low Risk"
10,69,1584,"Annual","Premium",89,4.98111411931873e-05,"Low Risk"
19,90,1257,"Annual","Value Seekers",86,4.94710519223144e-05,"Low Risk"
32,88,1001,"Annual","Price Sensitive",80,4.92372460512813e-05,"Low Risk"
13,89,1778,"Quarterly","Price Sensitive",95,4.66057771789855e-05,"Low Risk"
26,92,1266,"Annual","Premium",100,4.63416785334071e-05,"Low Risk"
8,89,477,"Annual","Price Sensitive",98,4.59771432611965e-05,"Low Risk"
15,124,1253,"Monthly","Price Sensitive",100,4.4388512332146e-05,"Low Risk"
16,65,1373,"Annual","Price Sensitive",79,4.38866400345324e-05,"Low Risk"
24,98,1561,"Quarterly","Value Seekers",87,4.3521934777687e-05,"Low Risk"
21,68,836,"Annual","Price Sensitive",100,4.14741873950042e-05,"Low Risk"
22,81,1551,"Annual","Value Seekers",84,3.94684749504105e-05,"Low Risk"
27,64,937,"Annual","Price Sensitive",94,3.887989714999e-05,"Low Risk"
5,61,1417,"Quarterly","Price Sensitive",96,3.57045433505447e-05,"Low Risk"
25,57,1166,"Annual","Value Seekers",79,3.56651898787551e-05,"Low Risk"
25,42,1423,"Annual","Value Seekers",84,3.53951361898196e-05,"Low Risk"
16,74,1737,"Annual","Value Seekers",80,3.17830284442308e-05,"Low Risk"
36,57,2174,"Annual","Price Sensitive",78,3.11147234921794e-05,"Low Risk"
13,92,2210,"Quarterly","Value Seekers",92,3.09916575198314e-05,"Low Risk"
32,84,1791,"Annual","Premium",93,2.87253788685441e-05,"Low Risk"
32,64,1437,"Quarterly","Value Seekers",82,2.85162120663337e-05,"Low Risk"
40,98,1890,"Quarterly","Price Sensitive",74,2.84315181995384e-05,"Low Risk"
33,60,1697,"Monthly","Premium",100,2.71824564423591e-05,"Low Risk"
14,97,740,"Annual","Price Sensitive",92,2.6373140579491e-05,"Low Risk"
35,78,1328,"Quarterly","Price Sensitive",100,2.55272948722087e-05,"Low Risk"
35,84,997,"Annual","Premium",97,2.20254998068603e-05,"Low Risk"
23,77,797,"Annual","Price Sensitive",100,2.14167795973709e-05,"Low Risk"
19,113,1244,"Monthly","Value Seekers",100,2.1217259873114e-05,"Low Risk"
21,55,1589,"Annual","Value Seekers",100,1.98391468736028e-05,"Low Risk"
14,90,1510,"Quarterly","Value Seekers",97,1.92090363171124e-05,"Low Risk"
7,108,1231,"Annual","Value Seekers",91,1.82688805359657e-05,"Low Risk"
2,89,1840,"Annual","Premium",92,1.81480881959823e-05,"Low Risk"
35,44,1547,"Annual","Price Sensitive",84,1.77146029015862e-05,"Low Risk"
22,84,1057,"Annual","Value Seekers",86,1.69760276807667e-05,"Low Risk"
15,54,1545,"Annual","Premium",91,1.66374514065103e-05,"Low Risk"
26,72,1122,"Annual","Premium",90,1.64958765703747e-05,"Low Risk"
7,90,1878,"Annual","Premium",85,1.64068315735998e-05,"Low Risk"
25,82,1824,"Quarterly","Value Seekers",89,1.4874950874587e-05,"Low Risk"
34,75,777,"Annual","Price Sensitive",100,1.32676754501425e-05,"Low Risk"
19,72,1693,"Annual","Price Sensitive",100,1.31398905357065e-05,"Low Risk"
27,84,1268,"Monthly","Premium",100,1.26001046838834e-05,"Low Risk"
30,72,2506,"Monthly","Value Seekers",94,1.24583078614919e-05,"Low Risk"
26,65,1757,"Annual","Value Seekers",86,1.23392855249997e-05,"Low Risk"
30,102,1175,"Monthly","Premium",91,1.15887291909505e-05,"Low Risk"
15,98,2018,"Annual","Value Seekers",87,1.12899444772912e-05,"Low Risk"
44,117,1545,"Quarterly","Value Seekers",94,1.09796460322768e-05,"Low Risk"
33,90,1530,"Quarterly","Value Seekers",100,1.09205581165918e-05,"Low Risk"
26,73,1470,"Annual","Premium",91,9.17771117264502e-06,"Low Risk"
7,82,1319,"Annual","Value Seekers",94,8.90787505051102e-06,"Low Risk"
36,82,715,"Annual","Value Seekers",100,8.17953624384392e-06,"Low Risk"
48,69,1764,"Annual","Value Seekers",91,6.39367543471306e-06,"Low Risk"
9,90,1382,"Annual","Price Sensitive",95,5.94419061054607e-06,"Low Risk"
12,103,1338,"Annual","Premium",96,5.5808011896625e-06,"Low Risk"
32,70,1740,"Quarterly","Premium",97,4.92666364506058e-06,"Low Risk"
36,85,1150,"Annual","Price Sensitive",100,4.67582031591145e-06,"Low Risk"
41,64,1707,"Annual","Premium",83,4.35621312715586e-06,"Low Risk"
9,70,1628,"Annual","Price Sensitive",91,4.08326640202862e-06,"Low Risk"
28,57,1717,"Annual","Premium",100,4.02403092738566e-06,"Low Risk"
30,94,1911,"Annual","Premium",96,3.78881978453839e-06,"Low Risk"
25,76,1451,"Annual","Premium",94,3.75024856342781e-06,"Low Risk"
16,64,1706,"Annual","Value Seekers",81,3.71785037499082e-06,"Low Risk"
6,96,2378,"Quarterly","Premium",100,3.37468453329471e-06,"Low Risk"
17,99,1807,"Annual","Premium",99,3.30052729934295e-06,"Low Risk"
15,121,1441,"Annual","Premium",100,2.14650936883777e-06,"Low Risk"
34,120,1342,"Quarterly","Price Sensitive",100,1.51452094685404e-06,"Low Risk"
